ISO-10303-21;
HEADER;
FILE_DESCRIPTION (( 'STEP AP214' ),
    '1' );
FILE_NAME ('CUI_DEVICES_RCJ-014-SMT.step',
    '2019-10-21T00:03:47',
    ( '' ),
    ( '' ),
    'SwSTEP 2.0',
    'SolidWorks 2019',
    '' );
FILE_SCHEMA (( 'AUTOMOTIVE_DESIGN' ));
ENDSEC;

DATA;
#1 = LINE ( 'NONE', #2487, #58 ) ;
#2 = ORIENTED_EDGE ( 'NONE', *, *, #2927, .F. ) ;
#3 = DIRECTION ( 'NONE',  ( -1.807003620809174632E-16, 1.000000000000000000, 0.0000000000000000000 ) ) ;
#4 =( GEOMETRIC_REPRESENTATION_CONTEXT ( 3 ) GLOBAL_UNCERTAINTY_ASSIGNED_CONTEXT ( ( #1500 ) ) GLOBAL_UNIT_ASSIGNED_CONTEXT ( ( #2115, #799, #2753 ) ) REPRESENTATION_CONTEXT ( 'NONE', 'WORKASPACE' ) );
#5 = AXIS2_PLACEMENT_3D ( 'NONE', #357, #2077, #156 ) ;
#6 = DIRECTION ( 'NONE',  ( 9.757819552369599859E-15, 0.0000000000000000000, 1.000000000000000000 ) ) ;
#7 = PLANE ( 'NONE',  #2553 ) ;
#8 = EDGE_LOOP ( 'NONE', ( #820, #2571, #2020, #222, #1922, #936, #1257 ) ) ;
#9 = AXIS2_PLACEMENT_3D ( 'NONE', #825, #595, #1109 ) ;
#10 = PLANE ( 'NONE',  #145 ) ;
#11 = STYLED_ITEM ( 'NONE', ( #316 ), #3050 ) ;
#12 = DIMENSIONAL_EXPONENTS ( 1.000000000000000000, 0.0000000000000000000, 0.0000000000000000000, 0.0000000000000000000, 0.0000000000000000000, 0.0000000000000000000, 0.0000000000000000000 ) ;
#13 = MECHANICAL_DESIGN_GEOMETRIC_PRESENTATION_REPRESENTATION (  '', ( #731 ), #125 ) ;
#14 = ORIENTED_EDGE ( 'NONE', *, *, #1843, .T. ) ;
#15 =( NAMED_UNIT ( * ) PLANE_ANGLE_UNIT ( ) SI_UNIT ( $, .RADIAN. ) );
#16 = PLANE ( 'NONE',  #1622 ) ;
#17 = ADVANCED_FACE ( 'NONE', ( #194 ), #707, .T. ) ;
#18 = FILL_AREA_STYLE_COLOUR ( '', #110 ) ;
#19 = FACE_OUTER_BOUND ( 'NONE', #2681, .T. ) ;
#20 = DIRECTION ( 'NONE',  ( 0.0000000000000000000, 0.0000000000000000000, 1.000000000000000000 ) ) ;
#21 = PRESENTATION_STYLE_ASSIGNMENT (( #564 ) ) ;
#22 = EDGE_LOOP ( 'NONE', ( #252, #3144, #2177, #845 ) ) ;
#23 = CARTESIAN_POINT ( 'NONE',  ( 0.2165354330708661457, 0.2165354330708662289, -0.3267716535433071168 ) ) ;
#24 =( NAMED_UNIT ( * ) PLANE_ANGLE_UNIT ( ) SI_UNIT ( $, .RADIAN. ) );
#25 = ORIENTED_EDGE ( 'NONE', *, *, #2549, .T. ) ;
#26 = DIRECTION ( 'NONE',  ( -1.000000000000000000, 0.0000000000000000000, 0.0000000000000000000 ) ) ;
#27 = FILL_AREA_STYLE_COLOUR ( '', #1839 ) ;
#28 =( LENGTH_UNIT ( ) NAMED_UNIT ( * ) SI_UNIT ( $, .METRE. ) );
#29 = CARTESIAN_POINT ( 'NONE',  ( -0.02559055118110157775, -0.2480314960629921017, -0.5551181102362204856 ) ) ;
#30 = ADVANCED_FACE ( 'NONE', ( #233 ), #2368, .F. ) ;
#31 = SURFACE_STYLE_USAGE ( .BOTH. , #2457 ) ;
#32 = DIMENSIONAL_EXPONENTS ( 1.000000000000000000, 0.0000000000000000000, 0.0000000000000000000, 0.0000000000000000000, 0.0000000000000000000, 0.0000000000000000000, 0.0000000000000000000 ) ;
#33 = SURFACE_STYLE_FILL_AREA ( #1247 ) ;
#34 = ORIENTED_EDGE ( 'NONE', *, *, #1659, .F. ) ;
#35 = PRESENTATION_LAYER_ASSIGNMENT (  '', '', ( #1405 ) ) ;
#36 = UNCERTAINTY_MEASURE_WITH_UNIT (LENGTH_MEASURE( 1.000000000000000082E-05 ), #183, 'distance_accuracy_value', 'NONE');
#37 = EDGE_CURVE ( 'NONE', #1014, #794, #1399, .T. ) ;
#38 = CARTESIAN_POINT ( 'NONE',  ( 0.06496062992125983815, -0.06496062992125985203, -0.5511811023622047445 ) ) ;
#39 = ORIENTED_EDGE ( 'NONE', *, *, #37, .T. ) ;
#40 = PRESENTATION_LAYER_ASSIGNMENT (  '', '', ( #2933 ) ) ;
#41 = LINE ( 'NONE', #1504, #226 ) ;
#42 = CARTESIAN_POINT ( 'NONE',  ( -0.2165354330708661457, -0.2559055118110235560, -0.3267716535433071168 ) ) ;
#43 = ORIENTED_EDGE ( 'NONE', *, *, #474, .T. ) ;
#44 = FILL_AREA_STYLE ('',( #2229 ) ) ;
#45 = CARTESIAN_POINT ( 'NONE',  ( 0.2559055118110236671, -0.2440944881889763884, -0.5511811023622048555 ) ) ;
#46 = VECTOR ( 'NONE', #1795, 39.37007874015748143 ) ;
#47 = FILL_AREA_STYLE_COLOUR ( '', #166 ) ;
#48 =( NAMED_UNIT ( * ) SI_UNIT ( $, .STERADIAN. ) SOLID_ANGLE_UNIT ( ) );
#49 = VERTEX_POINT ( 'NONE', #2956 ) ;
#50 =( NAMED_UNIT ( * ) SI_UNIT ( $, .STERADIAN. ) SOLID_ANGLE_UNIT ( ) );
#51 = VECTOR ( 'NONE', #2067, 39.37007874015748143 ) ;
#52 = VECTOR ( 'NONE', #635, 39.37007874015748143 ) ;
#53 = LINE ( 'NONE', #2223, #2442 ) ;
#54 =( CONVERSION_BASED_UNIT ( 'INCH', #2674 ) LENGTH_UNIT ( ) NAMED_UNIT ( #678 ) );
#55 = ORIENTED_EDGE ( 'NONE', *, *, #1168, .T. ) ;
#56 = DIMENSIONAL_EXPONENTS ( 1.000000000000000000, 0.0000000000000000000, 0.0000000000000000000, 0.0000000000000000000, 0.0000000000000000000, 0.0000000000000000000, 0.0000000000000000000 ) ;
#57 = EDGE_CURVE ( 'NONE', #2961, #1364, #2528, .T. ) ;
#58 = VECTOR ( 'NONE', #299, 39.37007874015748143 ) ;
#59 = PRESENTATION_LAYER_ASSIGNMENT (  '', '', ( #2799 ) ) ;
#60 = DIRECTION ( 'NONE',  ( 1.000000000000000000, 0.0000000000000000000, 0.0000000000000000000 ) ) ;
#61 = LINE ( 'NONE', #2526, #1012 ) ;
#62 = ORIENTED_EDGE ( 'NONE', *, *, #1001, .T. ) ;
#63 = PLANE ( 'NONE',  #1594 ) ;
#64 = FACE_OUTER_BOUND ( 'NONE', #2919, .T. ) ;
#65 = VECTOR ( 'NONE', #1196, 39.37007874015748143 ) ;
#66 = DIRECTION ( 'NONE',  ( -3.252606517456532629E-15, 0.0000000000000000000, -1.000000000000000000 ) ) ;
#67 = SURFACE_STYLE_USAGE ( .BOTH. , #793 ) ;
#68 = ORIENTED_EDGE ( 'NONE', *, *, #1434, .F. ) ;
#69 = SURFACE_STYLE_USAGE ( .BOTH. , #537 ) ;
#70 = UNCERTAINTY_MEASURE_WITH_UNIT (LENGTH_MEASURE( 1.000000000000000082E-05 ), #370, 'distance_accuracy_value', 'NONE');
#71 = DIRECTION ( 'NONE',  ( 0.0000000000000000000, 0.0000000000000000000, -1.000000000000000000 ) ) ;
#72 = SURFACE_STYLE_USAGE ( .BOTH. , #1284 ) ;
#73 = ORIENTED_EDGE ( 'NONE', *, *, #1981, .T. ) ;
#74 = ADVANCED_FACE ( 'NONE', ( #2907 ), #16, .T. ) ;
#75 = FILL_AREA_STYLE ('',( #1036 ) ) ;
#76 = LINE ( 'NONE', #2245, #2994 ) ;
#77 = DIMENSIONAL_EXPONENTS ( 1.000000000000000000, 0.0000000000000000000, 0.0000000000000000000, 0.0000000000000000000, 0.0000000000000000000, 0.0000000000000000000, 0.0000000000000000000 ) ;
#78 = EDGE_LOOP ( 'NONE', ( #1041, #1248, #2488, #2551 ) ) ;
#79 = LENGTH_MEASURE_WITH_UNIT ( LENGTH_MEASURE( 0.02539999999999999897 ), #132 );
#80 = LINE ( 'NONE', #146, #1206 ) ;
#81 = FILL_AREA_STYLE_COLOUR ( '', #2198 ) ;
#82 = VERTEX_POINT ( 'NONE', #1477 ) ;
#83 = DIRECTION ( 'NONE',  ( 0.0000000000000000000, -1.000000000000000000, 0.0000000000000000000 ) ) ;
#84 = DIRECTION ( 'NONE',  ( 0.0000000000000000000, 0.0000000000000000000, 1.000000000000000000 ) ) ;
#85 = SURFACE_SIDE_STYLE ('',( #388 ) ) ;
#86 = VERTEX_POINT ( 'NONE', #2920 ) ;
#87 = VECTOR ( 'NONE', #1765, 39.37007874015748143 ) ;
#88 = CARTESIAN_POINT ( 'NONE',  ( -0.02559055118110156041, -0.1909448818897638289, -0.5511811023622047445 ) ) ;
#89 = CYLINDRICAL_SURFACE ( 'NONE', #530, 0.07283464566929134798 ) ;
#90 = PLANE ( 'NONE',  #1894 ) ;
#91 = SURFACE_STYLE_FILL_AREA ( #2267 ) ;
#92 = DIRECTION ( 'NONE',  ( 0.0000000000000000000, 0.0000000000000000000, 1.000000000000000000 ) ) ;
#93 = DIRECTION ( 'NONE',  ( 0.0000000000000000000, 0.0000000000000000000, 1.000000000000000000 ) ) ;
#94 = EDGE_CURVE ( 'NONE', #1690, #1621, #1727, .T. ) ;
#95 = CARTESIAN_POINT ( 'NONE',  ( -0.06496062992125904711, -0.07283464566929134798, -0.5393700787401576324 ) ) ;
#96 = DIMENSIONAL_EXPONENTS ( 1.000000000000000000, 0.0000000000000000000, 0.0000000000000000000, 0.0000000000000000000, 0.0000000000000000000, 0.0000000000000000000, 0.0000000000000000000 ) ;
#97 = FILL_AREA_STYLE_COLOUR ( '', #1384 ) ;
#98 = ORIENTED_EDGE ( 'NONE', *, *, #1490, .T. ) ;
#99 = UNCERTAINTY_MEASURE_WITH_UNIT (LENGTH_MEASURE( 1.000000000000000082E-05 ), #348, 'distance_accuracy_value', 'NONE');
#100 = PRESENTATION_STYLE_ASSIGNMENT (( #861 ) ) ;
#101 = VECTOR ( 'NONE', #2107, 39.37007874015748143 ) ;
#102 = VERTEX_POINT ( 'NONE', #280 ) ;
#103 = MECHANICAL_DESIGN_GEOMETRIC_PRESENTATION_REPRESENTATION (  '', ( #514 ), #971 ) ;
#104 = FILL_AREA_STYLE ('',( #3067 ) ) ;
#105 =( NAMED_UNIT ( * ) PLANE_ANGLE_UNIT ( ) SI_UNIT ( $, .RADIAN. ) );
#106 = APPLICATION_PROTOCOL_DEFINITION ( 'draft international standard', 'automotive_design', 1998, #3080 ) ;
#107 = DIRECTION ( 'NONE',  ( 0.0000000000000000000, 0.0000000000000000000, 1.000000000000000000 ) ) ;
#108 = VECTOR ( 'NONE', #580, 39.37007874015748143 ) ;
#109 = FILL_AREA_STYLE_COLOUR ( '', #1066 ) ;
#110 = COLOUR_RGB ( '',0.7529411764705882248, 0.7529411764705882248, 0.7529411764705882248 ) ;
#111 = COLOUR_RGB ( '',0.7529411764705882248, 0.7529411764705882248, 0.7529411764705882248 ) ;
#112 =( GEOMETRIC_REPRESENTATION_CONTEXT ( 3 ) GLOBAL_UNCERTAINTY_ASSIGNED_CONTEXT ( ( #2306 ) ) GLOBAL_UNIT_ASSIGNED_CONTEXT ( ( #1842, #833, #1558 ) ) REPRESENTATION_CONTEXT ( 'NONE', 'WORKASPACE' ) );
#113 = SURFACE_STYLE_USAGE ( .BOTH. , #394 ) ;
#114 = CARTESIAN_POINT ( 'NONE',  ( -0.02559055118110163327, -0.2598425196850393526, -0.5669291338582722606 ) ) ;
#115 = LINE ( 'NONE', #2793, #2401 ) ;
#116 = CARTESIAN_POINT ( 'NONE',  ( 0.0000000000000000000, 0.0000000000000000000, -0.3267716535433071168 ) ) ;
#117 = CIRCLE ( 'NONE', #2504, 0.01968503937007875723 ) ;
#118 = ADVANCED_FACE ( 'NONE', ( #2484 ), #2938, .T. ) ;
#119 = AXIS2_PLACEMENT_3D ( 'NONE', #1663, #2875, #1947 ) ;
#120 =( NAMED_UNIT ( * ) SI_UNIT ( $, .STERADIAN. ) SOLID_ANGLE_UNIT ( ) );
#121 = EDGE_CURVE ( 'NONE', #1153, #2459, #80, .T. ) ;
#122 = SURFACE_STYLE_USAGE ( .BOTH. , #2333 ) ;
#123 = ORIENTED_EDGE ( 'NONE', *, *, #848, .T. ) ;
#124 = DIRECTION ( 'NONE',  ( 0.0000000000000000000, 0.0000000000000000000, -1.000000000000000000 ) ) ;
#125 =( GEOMETRIC_REPRESENTATION_CONTEXT ( 3 ) GLOBAL_UNCERTAINTY_ASSIGNED_CONTEXT ( ( #3065 ) ) GLOBAL_UNIT_ASSIGNED_CONTEXT ( ( #1332, #406, #1644 ) ) REPRESENTATION_CONTEXT ( 'NONE', 'WORKASPACE' ) );
#126 = VERTEX_POINT ( 'NONE', #1783 ) ;
#127 = DIMENSIONAL_EXPONENTS ( 1.000000000000000000, 0.0000000000000000000, 0.0000000000000000000, 0.0000000000000000000, 0.0000000000000000000, 0.0000000000000000000, 0.0000000000000000000 ) ;
#128 = CARTESIAN_POINT ( 'NONE',  ( 0.0000000000000000000, 0.0000000000000000000, -0.01968503937007875723 ) ) ;
#129 = LENGTH_MEASURE_WITH_UNIT ( LENGTH_MEASURE( 0.02539999999999999897 ), #2063 );
#130 =( NAMED_UNIT ( * ) PLANE_ANGLE_UNIT ( ) SI_UNIT ( $, .RADIAN. ) );
#131 = FACE_OUTER_BOUND ( 'NONE', #1143, .T. ) ;
#132 =( LENGTH_UNIT ( ) NAMED_UNIT ( * ) SI_UNIT ( $, .METRE. ) );
#133 = FILL_AREA_STYLE ('',( #1323 ) ) ;
#134 = CARTESIAN_POINT ( 'NONE',  ( 0.2165354330708661457, -0.2559055118110235560, -0.3425196850393700809 ) ) ;
#135 = ORIENTED_EDGE ( 'NONE', *, *, #2587, .F. ) ;
#136 = CARTESIAN_POINT ( 'NONE',  ( 0.2559055118110236671, -0.2440944881889763884, -0.5905511811023624880 ) ) ;
#137 = EDGE_CURVE ( 'NONE', #265, #500, #1305, .T. ) ;
#138 = LINE ( 'NONE', #1813, #3007 ) ;
#139 = ORIENTED_EDGE ( 'NONE', *, *, #1719, .F. ) ;
#140 = EDGE_CURVE ( 'NONE', #2089, #1734, #2315, .T. ) ;
#141 = PRESENTATION_STYLE_ASSIGNMENT (( #2327 ) ) ;
#142 = APPLICATION_PROTOCOL_DEFINITION ( 'draft international standard', 'automotive_design', 1998, #1494 ) ;
#143 = VERTEX_POINT ( 'NONE', #114 ) ;
#144 = DIMENSIONAL_EXPONENTS ( 1.000000000000000000, 0.0000000000000000000, 0.0000000000000000000, 0.0000000000000000000, 0.0000000000000000000, 0.0000000000000000000, 0.0000000000000000000 ) ;
#145 = AXIS2_PLACEMENT_3D ( 'NONE', #2698, #989, #1489 ) ;
#146 = CARTESIAN_POINT ( 'NONE',  ( -0.2047244094488188948, -0.2598425196850393526, -0.5511811023622046335 ) ) ;
#147 = SURFACE_STYLE_FILL_AREA ( #2743 ) ;
#148 = PRESENTATION_STYLE_ASSIGNMENT (( #379 ) ) ;
#149 = AXIS2_PLACEMENT_3D ( 'NONE', #1393, #2561, #886 ) ;
#150 = CARTESIAN_POINT ( 'NONE',  ( -0.2165354330708660902, 0.2165354330708662289, -0.5905511811023621549 ) ) ;
#151 = ORIENTED_EDGE ( 'NONE', *, *, #1642, .F. ) ;
#152 = COLOUR_RGB ( '',0.7529411764705882248, 0.7529411764705882248, 0.7529411764705882248 ) ;
#153 =( CONVERSION_BASED_UNIT ( 'INCH', #2781 ) LENGTH_UNIT ( ) NAMED_UNIT ( #843 ) );
#154 = SURFACE_STYLE_USAGE ( .BOTH. , #598 ) ;
#155 = ORIENTED_EDGE ( 'NONE', *, *, #2130, .T. ) ;
#156 = DIRECTION ( 'NONE',  ( 1.000000000000000000, 0.0000000000000000000, 0.0000000000000000000 ) ) ;
#157 = PRODUCT_CONTEXT ( 'NONE', #3080, 'mechanical' ) ;
#158 = EDGE_LOOP ( 'NONE', ( #2398, #2323, #1498, #2154 ) ) ;
#159 = EDGE_CURVE ( 'NONE', #1946, #2089, #2503, .T. ) ;
#160 = CARTESIAN_POINT ( 'NONE',  ( 0.0000000000000000000, 0.0000000000000000000, -0.3818897637795276023 ) ) ;
#161 = STYLED_ITEM ( 'NONE', ( #1920 ), #1926 ) ;
#162 = STYLED_ITEM ( 'NONE', ( #1633 ), #2220 ) ;
#163 = DIRECTION ( 'NONE',  ( 0.0000000000000000000, 0.0000000000000000000, 1.000000000000000000 ) ) ;
#164 =( NAMED_UNIT ( * ) PLANE_ANGLE_UNIT ( ) SI_UNIT ( $, .RADIAN. ) );
#165 = COLOUR_RGB ( '',0.7529411764705882248, 0.7529411764705882248, 0.7529411764705882248 ) ;
#166 = COLOUR_RGB ( '',0.7529411764705882248, 0.7529411764705882248, 0.7529411764705882248 ) ;
#167 = ORIENTED_EDGE ( 'NONE', *, *, #532, .F. ) ;
#168 = CARTESIAN_POINT ( 'NONE',  ( -0.06496062992125904711, -0.06496062992125985203, -0.5472440944881890035 ) ) ;
#169 = CARTESIAN_POINT ( 'NONE',  ( -0.02559055118110158816, -0.2480314960629921017, -0.5551181102362204856 ) ) ;
#170 = FILL_AREA_STYLE ('',( #2555 ) ) ;
#171 = ORIENTED_EDGE ( 'NONE', *, *, #824, .T. ) ;
#172 = STYLED_ITEM ( 'NONE', ( #311 ), #3142 ) ;
#173 = SURFACE_STYLE_FILL_AREA ( #104 ) ;
#174 = ORIENTED_EDGE ( 'NONE', *, *, #140, .T. ) ;
#175 = LENGTH_MEASURE_WITH_UNIT ( LENGTH_MEASURE( 0.02539999999999999897 ), #1155 );
#176 = EDGE_CURVE ( 'NONE', #794, #342, #334, .T. ) ;
#177 = CARTESIAN_POINT ( 'NONE',  ( 0.0000000000000000000, 0.0000000000000000000, -0.01968503937007875723 ) ) ;
#178 = CYLINDRICAL_SURFACE ( 'NONE', #1263, 0.1328740157480315098 ) ;
#179 = LENGTH_MEASURE_WITH_UNIT ( LENGTH_MEASURE( 0.02539999999999999897 ), #3070 );
#180 = CARTESIAN_POINT ( 'NONE',  ( 0.2165354330708661457, -0.2559055118110235560, -0.3425196850393700809 ) ) ;
#181 = LENGTH_MEASURE_WITH_UNIT ( LENGTH_MEASURE( 0.02539999999999999897 ), #2129 );
#182 =( CONVERSION_BASED_UNIT ( 'INCH', #432 ) LENGTH_UNIT ( ) NAMED_UNIT ( #2279 ) );
#183 =( CONVERSION_BASED_UNIT ( 'INCH', #1387 ) LENGTH_UNIT ( ) NAMED_UNIT ( #2980 ) );
#184 = DIRECTION ( 'NONE',  ( 0.0000000000000000000, 0.0000000000000000000, -1.000000000000000000 ) ) ;
#185 = EDGE_LOOP ( 'NONE', ( #596, #1543, #1170, #1640 ) ) ;
#186 = CARTESIAN_POINT ( 'NONE',  ( -0.02559055118110155347, -0.1909448818897638289, -0.5511811023622047445 ) ) ;
#187 = ORIENTED_EDGE ( 'NONE', *, *, #240, .T. ) ;
#188 = SURFACE_STYLE_USAGE ( .BOTH. , #422 ) ;
#189 = SURFACE_STYLE_FILL_AREA ( #702 ) ;
#190 =( GEOMETRIC_REPRESENTATION_CONTEXT ( 3 ) GLOBAL_UNCERTAINTY_ASSIGNED_CONTEXT ( ( #2645 ) ) GLOBAL_UNIT_ASSIGNED_CONTEXT ( ( #2665, #980, #739 ) ) REPRESENTATION_CONTEXT ( 'NONE', 'WORKASPACE' ) );
#191 = CYLINDRICAL_SURFACE ( 'NONE', #2246, 0.003937007874015758385 ) ;
#192 = EDGE_CURVE ( 'NONE', #944, #2191, #2546, .T. ) ;
#193 = SURFACE_SIDE_STYLE ('',( #2891 ) ) ;
#194 = FACE_OUTER_BOUND ( 'NONE', #1991, .T. ) ;
#195 = EDGE_CURVE ( 'NONE', #2868, #1895, #2724, .T. ) ;
#196 = DIRECTION ( 'NONE',  ( 0.0000000000000000000, 0.0000000000000000000, -1.000000000000000000 ) ) ;
#197 = DIRECTION ( 'NONE',  ( -0.0000000000000000000, -0.0000000000000000000, -1.000000000000000000 ) ) ;
#198 = PRESENTATION_LAYER_ASSIGNMENT (  '', '', ( #555 ) ) ;
#199 = CARTESIAN_POINT ( 'NONE',  ( 0.2165354330708673392, 0.1181102362204724809, -0.5905511811023624880 ) ) ;
#200 = PRESENTATION_LAYER_ASSIGNMENT (  '', '', ( #1789 ) ) ;
#201 = DIRECTION ( 'NONE',  ( 1.000000000000000000, 0.0000000000000000000, 0.0000000000000000000 ) ) ;
#202 = ORIENTED_EDGE ( 'NONE', *, *, #2926, .F. ) ;
#203 = LINE ( 'NONE', #1869, #1632 ) ;
#204 = PRESENTATION_LAYER_ASSIGNMENT (  '', '', ( #1268 ) ) ;
#205 = CARTESIAN_POINT ( 'NONE',  ( 0.0000000000000000000, 0.0000000000000000000, -0.3267716535433071168 ) ) ;
#206 = FACE_BOUND ( 'NONE', #2538, .T. ) ;
#207 = EDGE_LOOP ( 'NONE', ( #332, #3011, #2494, #923 ) ) ;
#208 =( GEOMETRIC_REPRESENTATION_CONTEXT ( 3 ) GLOBAL_UNCERTAINTY_ASSIGNED_CONTEXT ( ( #1000 ) ) GLOBAL_UNIT_ASSIGNED_CONTEXT ( ( #906, #414, #3076 ) ) REPRESENTATION_CONTEXT ( 'NONE', 'WORKASPACE' ) );
#209 = CARTESIAN_POINT ( 'NONE',  ( 0.0000000000000000000, 0.0000000000000000000, -0.3267716535433071168 ) ) ;
#210 = CARTESIAN_POINT ( 'NONE',  ( 0.0000000000000000000, 0.0000000000000000000, -0.09842519685039372024 ) ) ;
#211 = PRESENTATION_LAYER_ASSIGNMENT (  '', '', ( #1592 ) ) ;
#212 = VECTOR ( 'NONE', #2353, 39.37007874015748143 ) ;
#213 = CARTESIAN_POINT ( 'NONE',  ( -0.2559055118110235560, -0.2440944881889763884, -0.5511811023622046335 ) ) ;
#214 = CARTESIAN_POINT ( 'NONE',  ( 0.0000000000000000000, 0.0000000000000000000, -0.01968503937007875723 ) ) ;
#215 = ORIENTED_EDGE ( 'NONE', *, *, #1361, .F. ) ;
#216 = SURFACE_STYLE_USAGE ( .BOTH. , #723 ) ;
#217 = CIRCLE ( 'NONE', #425, 0.06496062992125985203 ) ;
#218 = CIRCLE ( 'NONE', #625, 0.003937007874015724558 ) ;
#219 = EDGE_CURVE ( 'NONE', #2966, #1267, #2033, .T. ) ;
#220 = DIRECTION ( 'NONE',  ( 0.0000000000000000000, 0.0000000000000000000, -1.000000000000000000 ) ) ;
#221 = CARTESIAN_POINT ( 'NONE',  ( -0.1437007874015747977, 1.759827093262928814E-17, -0.01968503937007875723 ) ) ;
#222 = ORIENTED_EDGE ( 'NONE', *, *, #1886, .T. ) ;
#223 = COLOUR_RGB ( '',0.7529411764705882248, 0.7529411764705882248, 0.7529411764705882248 ) ;
#224 = CARTESIAN_POINT ( 'NONE',  ( 0.0000000000000000000, 0.0000000000000000000, -0.3267716535433071168 ) ) ;
#225 = ORIENTED_EDGE ( 'NONE', *, *, #3085, .T. ) ;
#226 = VECTOR ( 'NONE', #528, 39.37007874015748143 ) ;
#227 = FACE_OUTER_BOUND ( 'NONE', #337, .T. ) ;
#228 =( LENGTH_UNIT ( ) NAMED_UNIT ( * ) SI_UNIT ( $, .METRE. ) );
#229 = CARTESIAN_POINT ( 'NONE',  ( 0.02559055118109399701, -0.1909448818897638289, -0.5433070866141732624 ) ) ;
#230 = DIRECTION ( 'NONE',  ( 1.000000000000000000, 0.0000000000000000000, 0.0000000000000000000 ) ) ;
#231 = ORIENTED_EDGE ( 'NONE', *, *, #1496, .T. ) ;
#232 = DIRECTION ( 'NONE',  ( 1.000000000000000000, 0.0000000000000000000, 0.0000000000000000000 ) ) ;
#233 = FACE_OUTER_BOUND ( 'NONE', #2266, .T. ) ;
#234 = DIRECTION ( 'NONE',  ( 0.0000000000000000000, 0.0000000000000000000, -1.000000000000000000 ) ) ;
#235 = DIRECTION ( 'NONE',  ( 0.0000000000000000000, 0.0000000000000000000, 1.000000000000000000 ) ) ;
#236 = ORIENTED_EDGE ( 'NONE', *, *, #2548, .T. ) ;
#237 = FACE_OUTER_BOUND ( 'NONE', #420, .T. ) ;
#238 = UNCERTAINTY_MEASURE_WITH_UNIT (LENGTH_MEASURE( 1.000000000000000082E-05 ), #2537, 'distance_accuracy_value', 'NONE');
#239 = VERTEX_POINT ( 'NONE', #2989 ) ;
#240 = EDGE_CURVE ( 'NONE', #788, #540, #2673, .T. ) ;
#241 = EDGE_LOOP ( 'NONE', ( #1328, #2201 ) ) ;
#242 = FACE_OUTER_BOUND ( 'NONE', #2075, .T. ) ;
#243 = DIRECTION ( 'NONE',  ( -1.756407519426516678E-13, -1.000000000000000000, 0.0000000000000000000 ) ) ;
#244 = DIRECTION ( 'NONE',  ( 1.000000000000000000, 0.0000000000000000000, 0.0000000000000000000 ) ) ;
#245 = VECTOR ( 'NONE', #3006, 39.37007874015748143 ) ;
#246 = DIRECTION ( 'NONE',  ( 0.0000000000000000000, 0.0000000000000000000, -1.000000000000000000 ) ) ;
#247 = ORIENTED_EDGE ( 'NONE', *, *, #2265, .F. ) ;
#248 =( LENGTH_UNIT ( ) NAMED_UNIT ( * ) SI_UNIT ( $, .METRE. ) );
#249 = MECHANICAL_DESIGN_GEOMETRIC_PRESENTATION_REPRESENTATION (  '', ( #1729 ), #709 ) ;
#250 = FILL_AREA_STYLE_COLOUR ( '', #467 ) ;
#251 = CARTESIAN_POINT ( 'NONE',  ( 0.2007874015748031815, 0.2165354330708662289, -0.4921259842519684069 ) ) ;
#252 = ORIENTED_EDGE ( 'NONE', *, *, #1583, .T. ) ;
#253 = AXIS2_PLACEMENT_3D ( 'NONE', #2709, #1253, #1723 ) ;
#254 = ADVANCED_FACE ( 'NONE', ( #2742 ), #1091, .F. ) ;
#255 = SURFACE_STYLE_FILL_AREA ( #1221 ) ;
#256 = EDGE_LOOP ( 'NONE', ( #2533, #463, #954, #2976 ) ) ;
#257 = PLANE ( 'NONE',  #1188 ) ;
#258 = FILL_AREA_STYLE ('',( #790 ) ) ;
#259 = CARTESIAN_POINT ( 'NONE',  ( -0.07283464566929134798, 0.0000000000000000000, -0.09842519685039372024 ) ) ;
#260 = CIRCLE ( 'NONE', #2097, 0.003937007874015724558 ) ;
#261 = CARTESIAN_POINT ( 'NONE',  ( 0.0000000000000000000, 0.0000000000000000000, 0.0000000000000000000 ) ) ;
#262 = DIMENSIONAL_EXPONENTS ( 1.000000000000000000, 0.0000000000000000000, 0.0000000000000000000, 0.0000000000000000000, 0.0000000000000000000, 0.0000000000000000000, 0.0000000000000000000 ) ;
#263 =( CONVERSION_BASED_UNIT ( 'INCH', #742 ) LENGTH_UNIT ( ) NAMED_UNIT ( #612 ) );
#264 =( GEOMETRIC_REPRESENTATION_CONTEXT ( 3 ) GLOBAL_UNCERTAINTY_ASSIGNED_CONTEXT ( ( #267 ) ) GLOBAL_UNIT_ASSIGNED_CONTEXT ( ( #365, #2776, #382 ) ) REPRESENTATION_CONTEXT ( 'NONE', 'WORKASPACE' ) );
#265 = VERTEX_POINT ( 'NONE', #1105 ) ;
#266 = CARTESIAN_POINT ( 'NONE',  ( 0.0000000000000000000, 0.0000000000000000000, -0.01574803149606296415 ) ) ;
#267 = UNCERTAINTY_MEASURE_WITH_UNIT (LENGTH_MEASURE( 1.000000000000000082E-05 ), #365, 'distance_accuracy_value', 'NONE');
#268 = PRESENTATION_LAYER_ASSIGNMENT (  '', '', ( #1638 ) ) ;
#269 = CARTESIAN_POINT ( 'NONE',  ( -0.2755905511811023167, -0.2440944881889763884, -0.5511811023622046335 ) ) ;
#270 = FILL_AREA_STYLE ('',( #1721 ) ) ;
#271 = EDGE_LOOP ( 'NONE', ( #877, #2897, #2334, #2344, #1241, #1372, #2662, #712 ) ) ;
#272 = AXIS2_PLACEMENT_3D ( 'NONE', #1236, #815, #1301 ) ;
#273 = STYLED_ITEM ( 'NONE', ( #2567 ), #2768 ) ;
#274 = FACE_OUTER_BOUND ( 'NONE', #1476, .T. ) ;
#275 =( CONVERSION_BASED_UNIT ( 'INCH', #1693 ) LENGTH_UNIT ( ) NAMED_UNIT ( #1523 ) );
#276 =( GEOMETRIC_REPRESENTATION_CONTEXT ( 3 ) GLOBAL_UNCERTAINTY_ASSIGNED_CONTEXT ( ( #1245 ) ) GLOBAL_UNIT_ASSIGNED_CONTEXT ( ( #1988, #15, #2453 ) ) REPRESENTATION_CONTEXT ( 'NONE', 'WORKASPACE' ) );
#277 = EDGE_CURVE ( 'NONE', #2507, #2838, #2774, .T. ) ;
#278 = ORIENTED_EDGE ( 'NONE', *, *, #2093, .T. ) ;
#279 = CARTESIAN_POINT ( 'NONE',  ( -0.2165354330708661457, 0.2165354330708662289, -0.3267716535433071168 ) ) ;
#280 = CARTESIAN_POINT ( 'NONE',  ( -0.2165354330708661457, -0.2559055118110235560, -0.5511811023622046335 ) ) ;
#281 = SURFACE_SIDE_STYLE ('',( #1530 ) ) ;
#282 = EDGE_CURVE ( 'NONE', #126, #2760, #395, .T. ) ;
#283 = CARTESIAN_POINT ( 'NONE',  ( 0.2007874015748031815, -0.2598425196850393526, -0.5905511811023624880 ) ) ;
#284 = LINE ( 'NONE', #1279, #2651 ) ;
#285 = ORIENTED_EDGE ( 'NONE', *, *, #1941, .F. ) ;
#286 = CYLINDRICAL_SURFACE ( 'NONE', #2683, 0.003937007874015724558 ) ;
#287 = CARTESIAN_POINT ( 'NONE',  ( 0.0000000000000000000, 0.0000000000000000000, -0.09842519685039372024 ) ) ;
#288 = FILL_AREA_STYLE_COLOUR ( '', #1914 ) ;
#289 = ORIENTED_EDGE ( 'NONE', *, *, #1338, .F. ) ;
#290 = DIMENSIONAL_EXPONENTS ( 1.000000000000000000, 0.0000000000000000000, 0.0000000000000000000, 0.0000000000000000000, 0.0000000000000000000, 0.0000000000000000000, 0.0000000000000000000 ) ;
#291 =( CONVERSION_BASED_UNIT ( 'INCH', #2934 ) LENGTH_UNIT ( ) NAMED_UNIT ( #2324 ) );
#292 =( CONVERSION_BASED_UNIT ( 'INCH', #2432 ) LENGTH_UNIT ( ) NAMED_UNIT ( #355 ) );
#293 = VERTEX_POINT ( 'NONE', #1136 ) ;
#294 =( LENGTH_UNIT ( ) NAMED_UNIT ( * ) SI_UNIT ( $, .METRE. ) );
#295 = LENGTH_MEASURE_WITH_UNIT ( LENGTH_MEASURE( 0.02539999999999999897 ), #1713 );
#296 = SURFACE_STYLE_USAGE ( .BOTH. , #1008 ) ;
#297 = DIRECTION ( 'NONE',  ( 0.0000000000000000000, -1.000000000000000000, 0.0000000000000000000 ) ) ;
#298 = ADVANCED_FACE ( 'NONE', ( #2620 ), #915, .T. ) ;
#299 = DIRECTION ( 'NONE',  ( 0.0000000000000000000, -1.000000000000000000, 0.0000000000000000000 ) ) ;
#300 = EDGE_CURVE ( 'NONE', #2105, #1153, #930, .T. ) ;
#301 = FILL_AREA_STYLE_COLOUR ( '', #527 ) ;
#302 = ORIENTED_EDGE ( 'NONE', *, *, #2794, .F. ) ;
#303 =( LENGTH_UNIT ( ) NAMED_UNIT ( * ) SI_UNIT ( $, .METRE. ) );
#304 = VECTOR ( 'NONE', #2081, 39.37007874015748143 ) ;
#305 = UNCERTAINTY_MEASURE_WITH_UNIT (LENGTH_MEASURE( 1.000000000000000082E-05 ), #2636, 'distance_accuracy_value', 'NONE');
#306 = PRESENTATION_LAYER_ASSIGNMENT (  '', '', ( #2178 ) ) ;
#307 = SURFACE_STYLE_FILL_AREA ( #1502 ) ;
#308 = ORIENTED_EDGE ( 'NONE', *, *, #2926, .T. ) ;
#309 = COLOUR_RGB ( '',0.7529411764705882248, 0.7529411764705882248, 0.7529411764705882248 ) ;
#310 = FILL_AREA_STYLE ('',( #2277 ) ) ;
#311 = PRESENTATION_STYLE_ASSIGNMENT (( #1270 ) ) ;
#312 = AXIS2_PLACEMENT_3D ( 'NONE', #670, #1365, #642 ) ;
#313 = TOROIDAL_SURFACE ( 'NONE', #413, 0.1437007874015747977, 0.01968503937007873988 ) ;
#314 = DIMENSIONAL_EXPONENTS ( 1.000000000000000000, 0.0000000000000000000, 0.0000000000000000000, 0.0000000000000000000, 0.0000000000000000000, 0.0000000000000000000, 0.0000000000000000000 ) ;
#315 = VERTEX_POINT ( 'NONE', #1614 ) ;
#316 = PRESENTATION_STYLE_ASSIGNMENT (( #2185 ) ) ;
#317 = FILL_AREA_STYLE ('',( #2186 ) ) ;
#318 =( GEOMETRIC_REPRESENTATION_CONTEXT ( 3 ) GLOBAL_UNCERTAINTY_ASSIGNED_CONTEXT ( ( #1838 ) ) GLOBAL_UNIT_ASSIGNED_CONTEXT ( ( #2644, #2912, #1118 ) ) REPRESENTATION_CONTEXT ( 'NONE', 'WORKASPACE' ) );
#319 = FILL_AREA_STYLE ('',( #18 ) ) ;
#320 = CARTESIAN_POINT ( 'NONE',  ( -0.02559055118110157775, -0.2598425196850393526, -0.5511811023622047445 ) ) ;
#321 = DIRECTION ( 'NONE',  ( -1.000000000000000000, 1.314184451497603199E-16, 3.252606517456505019E-15 ) ) ;
#322 = VERTEX_POINT ( 'NONE', #1383 ) ;
#323 = VECTOR ( 'NONE', #2027, 39.37007874015748854 ) ;
#324 = ADVANCED_FACE ( 'NONE', ( #1651 ), #178, .T. ) ;
#325 = ORIENTED_EDGE ( 'NONE', *, *, #2927, .T. ) ;
#326 = AXIS2_PLACEMENT_3D ( 'NONE', #343, #2524, #2183 ) ;
#327 = AXIS2_PLACEMENT_3D ( 'NONE', #3107, #1415, #196 ) ;
#328 = CIRCLE ( 'NONE', #380, 0.01968503937007873988 ) ;
#329 = LINE ( 'NONE', #2696, #687 ) ;
#330 =( NAMED_UNIT ( * ) PLANE_ANGLE_UNIT ( ) SI_UNIT ( $, .RADIAN. ) );
#331 = FILL_AREA_STYLE ('',( #1038 ) ) ;
#332 = ORIENTED_EDGE ( 'NONE', *, *, #1260, .F. ) ;
#333 = MECHANICAL_DESIGN_GEOMETRIC_PRESENTATION_REPRESENTATION (  '', ( #893 ), #985 ) ;
#334 = LINE ( 'NONE', #2282, #1063 ) ;
#335 =( LENGTH_UNIT ( ) NAMED_UNIT ( * ) SI_UNIT ( $, .METRE. ) );
#336 = CARTESIAN_POINT ( 'NONE',  ( 0.2007874015748031815, 0.2165354330708662289, -0.5905511811023624880 ) ) ;
#337 = EDGE_LOOP ( 'NONE', ( #1004, #2241, #1114, #743 ) ) ;
#338 = PRESENTATION_STYLE_ASSIGNMENT (( #69 ) ) ;
#339 = UNCERTAINTY_MEASURE_WITH_UNIT (LENGTH_MEASURE( 1.000000000000000082E-05 ), #2792, 'distance_accuracy_value', 'NONE');
#340 = SURFACE_STYLE_USAGE ( .BOTH. , #2509 ) ;
#341 =( LENGTH_UNIT ( ) NAMED_UNIT ( * ) SI_UNIT ( $, .METRE. ) );
#342 = VERTEX_POINT ( 'NONE', #1928 ) ;
#343 = CARTESIAN_POINT ( 'NONE',  ( 0.0000000000000000000, 0.0000000000000000000, -0.3267716535433071168 ) ) ;
#344 = DIRECTION ( 'NONE',  ( -1.000000000000000000, 0.0000000000000000000, 0.0000000000000000000 ) ) ;
#345 = ADVANCED_FACE ( 'NONE', ( #1145 ), #2386, .T. ) ;
#346 = SURFACE_SIDE_STYLE ('',( #2263 ) ) ;
#347 = DIRECTION ( 'NONE',  ( 1.000000000000000000, 0.0000000000000000000, 0.0000000000000000000 ) ) ;
#348 =( CONVERSION_BASED_UNIT ( 'INCH', #590 ) LENGTH_UNIT ( ) NAMED_UNIT ( #314 ) );
#349 =( LENGTH_UNIT ( ) NAMED_UNIT ( * ) SI_UNIT ( $, .METRE. ) );
#350 = CARTESIAN_POINT ( 'NONE',  ( -0.1328740157480315098, 1.627237380756817678E-17, -0.01574803149606299191 ) ) ;
#351 = ORIENTED_EDGE ( 'NONE', *, *, #1659, .T. ) ;
#352 = FILL_AREA_STYLE ('',( #1555 ) ) ;
#353 = VERTEX_POINT ( 'NONE', #2710 ) ;
#354 = CLOSED_SHELL ( 'NONE', ( #3072, #2395, #3050, #298, #766, #2320 ) ) ;
#355 = DIMENSIONAL_EXPONENTS ( 1.000000000000000000, 0.0000000000000000000, 0.0000000000000000000, 0.0000000000000000000, 0.0000000000000000000, 0.0000000000000000000, 0.0000000000000000000 ) ;
#356 = VECTOR ( 'NONE', #2158, 39.37007874015748143 ) ;
#357 = CARTESIAN_POINT ( 'NONE',  ( 0.0000000000000000000, 0.0000000000000000000, -0.3818897637795276023 ) ) ;
#358 = SURFACE_STYLE_USAGE ( .BOTH. , #1625 ) ;
#359 = CARTESIAN_POINT ( 'NONE',  ( -0.1328740157480316209, 1.627237380756819219E-17, -0.3818897637795276023 ) ) ;
#360 = DIRECTION ( 'NONE',  ( 0.0000000000000000000, 0.0000000000000000000, 1.000000000000000000 ) ) ;
#361 = ADVANCED_FACE ( 'NONE', ( #2903 ), #1442, .T. ) ;
#362 = FILL_AREA_STYLE_COLOUR ( '', #1310 ) ;
#363 = DIRECTION ( 'NONE',  ( -1.000000000000000000, 0.0000000000000000000, 0.0000000000000000000 ) ) ;
#364 = AXIS2_PLACEMENT_3D ( 'NONE', #3034, #1548, #1777 ) ;
#365 =( CONVERSION_BASED_UNIT ( 'INCH', #874 ) LENGTH_UNIT ( ) NAMED_UNIT ( #262 ) );
#366 = VERTEX_POINT ( 'NONE', #42 ) ;
#367 = CARTESIAN_POINT ( 'NONE',  ( -0.2559055118110235560, -0.2598425196850393526, -0.5708661417322834497 ) ) ;
#368 = UNCERTAINTY_MEASURE_WITH_UNIT (LENGTH_MEASURE( 1.000000000000000082E-05 ), #1353, 'distance_accuracy_value', 'NONE');
#369 = CARTESIAN_POINT ( 'NONE',  ( 0.2007874015748031815, -0.2598425196850393526, -0.5905511811023624880 ) ) ;
#370 =( CONVERSION_BASED_UNIT ( 'INCH', #2585 ) LENGTH_UNIT ( ) NAMED_UNIT ( #144 ) );
#371 = AXIS2_PLACEMENT_3D ( 'NONE', #2766, #2342, #2824 ) ;
#372 = ORIENTED_EDGE ( 'NONE', *, *, #2622, .T. ) ;
#373 =( GEOMETRIC_REPRESENTATION_CONTEXT ( 3 ) GLOBAL_UNCERTAINTY_ASSIGNED_CONTEXT ( ( #2706 ) ) GLOBAL_UNIT_ASSIGNED_CONTEXT ( ( #1300, #1826, #2536 ) ) REPRESENTATION_CONTEXT ( 'NONE', 'WORKASPACE' ) );
#374 = FACE_OUTER_BOUND ( 'NONE', #2357, .T. ) ;
#375 = FILL_AREA_STYLE ('',( #1844 ) ) ;
#376 = LENGTH_MEASURE_WITH_UNIT ( LENGTH_MEASURE( 0.02539999999999999897 ), #1104 );
#377 = CARTESIAN_POINT ( 'NONE',  ( 0.2047244094488189503, -0.2559055118110235560, -0.5511811023622049666 ) ) ;
#378 = PRESENTATION_STYLE_ASSIGNMENT (( #1551 ) ) ;
#379 = SURFACE_STYLE_USAGE ( .BOTH. , #592 ) ;
#380 = AXIS2_PLACEMENT_3D ( 'NONE', #221, #2640, #728 ) ;
#381 = MECHANICAL_DESIGN_GEOMETRIC_PRESENTATION_REPRESENTATION (  '', ( #273 ), #2701 ) ;
#382 =( NAMED_UNIT ( * ) SI_UNIT ( $, .STERADIAN. ) SOLID_ANGLE_UNIT ( ) );
#383 = CARTESIAN_POINT ( 'NONE',  ( 0.2559055118110236671, -0.2440944881889763884, -0.5708661417322836718 ) ) ;
#384 = ORIENTED_EDGE ( 'NONE', *, *, #469, .F. ) ;
#385 = ADVANCED_FACE ( 'NONE', ( #2419 ), #10, .T. ) ;
#386 = LINE ( 'NONE', #1341, #1222 ) ;
#387 = STYLED_ITEM ( 'NONE', ( #2141 ), #2973 ) ;
#388 = SURFACE_STYLE_FILL_AREA ( #584 ) ;
#389 = DIRECTION ( 'NONE',  ( 0.0000000000000000000, 0.7071067811865462405, 0.7071067811865486830 ) ) ;
#390 = ORIENTED_EDGE ( 'NONE', *, *, #1259, .F. ) ;
#391 = CARTESIAN_POINT ( 'NONE',  ( -0.2165354330708661457, 0.2165354330708662289, -0.3425196850393700809 ) ) ;
#392 = CARTESIAN_POINT ( 'NONE',  ( 0.1633858267716535584, 0.0000000000000000000, -0.01968503937007875723 ) ) ;
#393 = CARTESIAN_POINT ( 'NONE',  ( 0.0000000000000000000, 0.0000000000000000000, -0.09842519685039372024 ) ) ;
#394 = SURFACE_SIDE_STYLE ('',( #91 ) ) ;
#395 = LINE ( 'NONE', #2347, #2281 ) ;
#396 = FACE_OUTER_BOUND ( 'NONE', #1209, .T. ) ;
#397 = PLANE ( 'NONE',  #2101 ) ;
#398 = DIMENSIONAL_EXPONENTS ( 1.000000000000000000, 0.0000000000000000000, 0.0000000000000000000, 0.0000000000000000000, 0.0000000000000000000, 0.0000000000000000000, 0.0000000000000000000 ) ;
#399 = DIRECTION ( 'NONE',  ( 0.0000000000000000000, 1.000000000000000000, 0.0000000000000000000 ) ) ;
#400 = ORIENTED_EDGE ( 'NONE', *, *, #2593, .F. ) ;
#401 = EDGE_CURVE ( 'NONE', #2459, #239, #2677, .T. ) ;
#402 = EDGE_CURVE ( 'NONE', #1604, #1462, #1240, .T. ) ;
#403 = SURFACE_STYLE_USAGE ( .BOTH. , #85 ) ;
#404 = ORIENTED_EDGE ( 'NONE', *, *, #956, .T. ) ;
#405 = ADVANCED_FACE ( 'NONE', ( #1071 ), #90, .T. ) ;
#406 =( NAMED_UNIT ( * ) PLANE_ANGLE_UNIT ( ) SI_UNIT ( $, .RADIAN. ) );
#407 = ORIENTED_EDGE ( 'NONE', *, *, #1583, .F. ) ;
#408 = CARTESIAN_POINT ( 'NONE',  ( 0.2047244094488189503, -0.2559055118110235560, -0.5905511811023624880 ) ) ;
#409 = COLOUR_RGB ( '',0.7529411764705882248, 0.7529411764705882248, 0.7529411764705882248 ) ;
#410 = SURFACE_SIDE_STYLE ('',( #189 ) ) ;
#411 = FILL_AREA_STYLE_COLOUR ( '', #2150 ) ;
#412 =( LENGTH_UNIT ( ) NAMED_UNIT ( * ) SI_UNIT ( $, .METRE. ) );
#413 = AXIS2_PLACEMENT_3D ( 'NONE', #177, #1676, #2631 ) ;
#414 =( NAMED_UNIT ( * ) PLANE_ANGLE_UNIT ( ) SI_UNIT ( $, .RADIAN. ) );
#415 = AXIS2_PLACEMENT_3D ( 'NONE', #1215, #2192, #3 ) ;
#416 = ORIENTED_EDGE ( 'NONE', *, *, #2262, .F. ) ;
#417 = EDGE_CURVE ( 'NONE', #582, #3047, #2721, .T. ) ;
#418 = PRESENTATION_LAYER_ASSIGNMENT (  '', '', ( #1468 ) ) ;
#419 = SURFACE_STYLE_FILL_AREA ( #1609 ) ;
#420 = EDGE_LOOP ( 'NONE', ( #3137, #73, #2380, #2162 ) ) ;
#421 = ADVANCED_FACE ( 'NONE', ( #131 ), #1410, .T. ) ;
#422 = SURFACE_SIDE_STYLE ('',( #1927 ) ) ;
#423 = MANIFOLD_SOLID_BREP ( 'Fillet9', #2082 ) ;
#424 = CIRCLE ( 'NONE', #1744, 0.07283464566929134798 ) ;
#425 = AXIS2_PLACEMENT_3D ( 'NONE', #1355, #1108, #1566 ) ;
#426 = DIRECTION ( 'NONE',  ( 1.000000000000000000, 0.0000000000000000000, 0.0000000000000000000 ) ) ;
#427 = DIRECTION ( 'NONE',  ( 1.314184451497603199E-16, 1.000000000000000000, 0.0000000000000000000 ) ) ;
#428 = CARTESIAN_POINT ( 'NONE',  ( -0.2007874015748030982, -0.2559055118110235560, -0.5905511811023621549 ) ) ;
#429 = CARTESIAN_POINT ( 'NONE',  ( -0.01968503937007875723, -0.2559055118110235560, -0.3267716535433071168 ) ) ;
#430 = CARTESIAN_POINT ( 'NONE',  ( 0.0000000000000000000, 0.0000000000000000000, -0.3267716535433071168 ) ) ;
#431 = CIRCLE ( 'NONE', #272, 0.003937007874015724558 ) ;
#432 = LENGTH_MEASURE_WITH_UNIT ( LENGTH_MEASURE( 0.02539999999999999897 ), #2876 );
#433 = LINE ( 'NONE', #1637, #1475 ) ;
#434 = CIRCLE ( 'NONE', #1815, 0.01968503937007875723 ) ;
#435 = MANIFOLD_SOLID_BREP ( 'Fillet8', #1006 ) ;
#436 = DIRECTION ( 'NONE',  ( -1.314184451497603199E-16, -1.000000000000000000, 4.274524912081107188E-31 ) ) ;
#437 = ORIENTED_EDGE ( 'NONE', *, *, #121, .F. ) ;
#438 = PRODUCT_DEFINITION_FORMATION_WITH_SPECIFIED_SOURCE ( 'ANY', '', #2469, .NOT_KNOWN. ) ;
#439 =( NAMED_UNIT ( * ) SI_UNIT ( $, .STERADIAN. ) SOLID_ANGLE_UNIT ( ) );
#440 = CARTESIAN_POINT ( 'NONE',  ( 0.2007874015748031815, -0.2559055118110235560, -0.5905511811023624880 ) ) ;
#441 = EDGE_LOOP ( 'NONE', ( #1574, #1814, #2932, #2574 ) ) ;
#442 = PLANE ( 'NONE',  #1629 ) ;
#443 = EDGE_CURVE ( 'NONE', #2235, #366, #61, .T. ) ;
#444 = CARTESIAN_POINT ( 'NONE',  ( 0.01968503937007875029, -0.3031496062992125040, -0.3425196850393700809 ) ) ;
#445 = LENGTH_MEASURE_WITH_UNIT ( LENGTH_MEASURE( 0.02539999999999999897 ), #453 );
#446 = LINE ( 'NONE', #2366, #2144 ) ;
#447 = DIRECTION ( 'NONE',  ( -0.0000000000000000000, -0.0000000000000000000, -1.000000000000000000 ) ) ;
#448 = CARTESIAN_POINT ( 'NONE',  ( 0.06496062992125845037, -0.07283464566929136186, -0.5511811023622047445 ) ) ;
#449 = FACE_OUTER_BOUND ( 'NONE', #241, .T. ) ;
#450 = LINE ( 'NONE', #199, #2894 ) ;
#451 = ORIENTED_EDGE ( 'NONE', *, *, #3017, .T. ) ;
#452 = VERTEX_POINT ( 'NONE', #2871 ) ;
#453 =( LENGTH_UNIT ( ) NAMED_UNIT ( * ) SI_UNIT ( $, .METRE. ) );
#454 = PRESENTATION_STYLE_ASSIGNMENT (( #931 ) ) ;
#455 = EDGE_CURVE ( 'NONE', #322, #1627, #3093, .T. ) ;
#456 =( LENGTH_UNIT ( ) NAMED_UNIT ( * ) SI_UNIT ( $, .METRE. ) );
#457 = CARTESIAN_POINT ( 'NONE',  ( -0.01968503937007873988, -0.2559055118110235560, -0.3425196850393700809 ) ) ;
#458 = CARTESIAN_POINT ( 'NONE',  ( -0.2007874015748030982, -0.2559055118110235560, -0.5905511811023621549 ) ) ;
#459 =( GEOMETRIC_REPRESENTATION_CONTEXT ( 3 ) GLOBAL_UNCERTAINTY_ASSIGNED_CONTEXT ( ( #99 ) ) GLOBAL_UNIT_ASSIGNED_CONTEXT ( ( #348, #1782, #1550 ) ) REPRESENTATION_CONTEXT ( 'NONE', 'WORKASPACE' ) );
#460 = FILL_AREA_STYLE_COLOUR ( '', #2802 ) ;
#461 = ORIENTED_EDGE ( 'NONE', *, *, #2298, .F. ) ;
#462 = SURFACE_STYLE_FILL_AREA ( #1924 ) ;
#463 = ORIENTED_EDGE ( 'NONE', *, *, #3014, .F. ) ;
#464 = MECHANICAL_DESIGN_GEOMETRIC_PRESENTATION_REPRESENTATION (  '', ( #2729 ), #3139 ) ;
#465 = LINE ( 'NONE', #2126, #714 ) ;
#466 =( NAMED_UNIT ( * ) SI_UNIT ( $, .STERADIAN. ) SOLID_ANGLE_UNIT ( ) );
#467 = COLOUR_RGB ( '',0.7529411764705882248, 0.7529411764705882248, 0.7529411764705882248 ) ;
#468 = DIRECTION ( 'NONE',  ( -0.0000000000000000000, -0.0000000000000000000, -1.000000000000000000 ) ) ;
#469 = EDGE_CURVE ( 'NONE', #1668, #2465, #2136, .T. ) ;
#470 = CARTESIAN_POINT ( 'NONE',  ( -0.06496062992125904711, -0.1515748031496061687, -0.5511811023622047445 ) ) ;
#471 = MECHANICAL_DESIGN_GEOMETRIC_PRESENTATION_REPRESENTATION (  '', ( #3055 ), #1802 ) ;
#472 = STYLED_ITEM ( 'NONE', ( #1451 ), #2451 ) ;
#473 = CARTESIAN_POINT ( 'NONE',  ( 0.02559055118109391722, -0.2519685039370078705, -0.5551181102362204856 ) ) ;
#474 = EDGE_CURVE ( 'NONE', #970, #978, #558, .T. ) ;
#475 = DIRECTION ( 'NONE',  ( 1.000000000000000000, 0.0000000000000000000, 0.0000000000000000000 ) ) ;
#476 = VERTEX_POINT ( 'NONE', #1870 ) ;
#477 = STYLED_ITEM ( 'NONE', ( #2493 ), #2512 ) ;
#478 = CIRCLE ( 'NONE', #2902, 0.1633858267716535584 ) ;
#479 =( LENGTH_UNIT ( ) NAMED_UNIT ( * ) SI_UNIT ( $, .METRE. ) );
#480 = EDGE_LOOP ( 'NONE', ( #561, #2248, #536, #689 ) ) ;
#481 = FACE_OUTER_BOUND ( 'NONE', #2196, .T. ) ;
#482 = PRESENTATION_STYLE_ASSIGNMENT (( #1194 ) ) ;
#483 = ORIENTED_EDGE ( 'NONE', *, *, #568, .T. ) ;
#484 = DIRECTION ( 'NONE',  ( 0.0000000000000000000, 0.0000000000000000000, 1.000000000000000000 ) ) ;
#485 = CARTESIAN_POINT ( 'NONE',  ( -0.1633858267716535584, 2.000899297819494236E-17, -0.3818897637795276023 ) ) ;
#486 = DIRECTION ( 'NONE',  ( 0.0000000000000000000, 0.0000000000000000000, 1.000000000000000000 ) ) ;
#487 = SURFACE_SIDE_STYLE ('',( #2413 ) ) ;
#488 = VERTEX_POINT ( 'NONE', #2610 ) ;
#489 = SURFACE_STYLE_FILL_AREA ( #2670 ) ;
#490 = EDGE_CURVE ( 'NONE', #1195, #476, #604, .T. ) ;
#491 = UNCERTAINTY_MEASURE_WITH_UNIT (LENGTH_MEASURE( 1.000000000000000082E-05 ), #1853, 'distance_accuracy_value', 'NONE');
#492 = DIRECTION ( 'NONE',  ( 0.0000000000000000000, 0.0000000000000000000, -1.000000000000000000 ) ) ;
#493 = ORIENTED_EDGE ( 'NONE', *, *, #3054, .F. ) ;
#494 = ORIENTED_EDGE ( 'NONE', *, *, #1619, .T. ) ;
#495 =( NAMED_UNIT ( * ) SI_UNIT ( $, .STERADIAN. ) SOLID_ANGLE_UNIT ( ) );
#496 = DIRECTION ( 'NONE',  ( -1.000000000000000000, 0.0000000000000000000, -9.130123557772670060E-16 ) ) ;
#497 = AXIS2_PLACEMENT_3D ( 'NONE', #2066, #3022, #855 ) ;
#498 = DIRECTION ( 'NONE',  ( 0.0000000000000000000, 0.0000000000000000000, -1.000000000000000000 ) ) ;
#499 = DIRECTION ( 'NONE',  ( 0.7071067811866713626, 0.7071067811864236718, 0.0000000000000000000 ) ) ;
#500 = VERTEX_POINT ( 'NONE', #3100 ) ;
#501 = MECHANICAL_DESIGN_GEOMETRIC_PRESENTATION_REPRESENTATION (  '', ( #3136 ), #757 ) ;
#502 =( NAMED_UNIT ( * ) PLANE_ANGLE_UNIT ( ) SI_UNIT ( $, .RADIAN. ) );
#503 = STYLED_ITEM ( 'NONE', ( #2156 ), #546 ) ;
#504 = CARTESIAN_POINT ( 'NONE',  ( -0.01968503937007873641, -0.2834645669291337988, -0.3267716535433071168 ) ) ;
#505 = EDGE_LOOP ( 'NONE', ( #289, #2132, #2445, #1020 ) ) ;
#506 = EDGE_CURVE ( 'NONE', #2459, #2016, #3069, .T. ) ;
#507 = DIMENSIONAL_EXPONENTS ( 1.000000000000000000, 0.0000000000000000000, 0.0000000000000000000, 0.0000000000000000000, 0.0000000000000000000, 0.0000000000000000000, 0.0000000000000000000 ) ;
#508 = VECTOR ( 'NONE', #2460, 39.37007874015748143 ) ;
#509 =( NAMED_UNIT ( * ) PLANE_ANGLE_UNIT ( ) SI_UNIT ( $, .RADIAN. ) );
#510 =( GEOMETRIC_REPRESENTATION_CONTEXT ( 3 ) GLOBAL_UNCERTAINTY_ASSIGNED_CONTEXT ( ( #3028 ) ) GLOBAL_UNIT_ASSIGNED_CONTEXT ( ( #822, #164, #1885 ) ) REPRESENTATION_CONTEXT ( 'NONE', 'WORKASPACE' ) );
#511 = PRESENTATION_STYLE_ASSIGNMENT (( #544 ) ) ;
#512 =( CONVERSION_BASED_UNIT ( 'INCH', #1747 ) LENGTH_UNIT ( ) NAMED_UNIT ( #1779 ) );
#513 = LINE ( 'NONE', #259, #3059 ) ;
#514 = STYLED_ITEM ( 'NONE', ( #2443 ), #1741 ) ;
#515 = FILL_AREA_STYLE ('',( #2923 ) ) ;
#516 =( NAMED_UNIT ( * ) PLANE_ANGLE_UNIT ( ) SI_UNIT ( $, .RADIAN. ) );
#517 = CIRCLE ( 'NONE', #623, 0.003937007874015724558 ) ;
#518 = EDGE_LOOP ( 'NONE', ( #3077, #1078, #769, #372, #1549, #585, #2040, #1407 ) ) ;
#519 = DIRECTION ( 'NONE',  ( 1.000000000000000000, 0.0000000000000000000, 0.0000000000000000000 ) ) ;
#520 = VECTOR ( 'NONE', #866, 39.37007874015748143 ) ;
#521 = UNCERTAINTY_MEASURE_WITH_UNIT (LENGTH_MEASURE( 1.000000000000000082E-05 ), #914, 'distance_accuracy_value', 'NONE');
#522 = COLOUR_RGB ( '',1.000000000000000000, 1.000000000000000000, 0.3607843137254901911 ) ;
#523 = DIRECTION ( 'NONE',  ( -1.000000000000000000, 0.0000000000000000000, 0.0000000000000000000 ) ) ;
#524 =( NAMED_UNIT ( * ) PLANE_ANGLE_UNIT ( ) SI_UNIT ( $, .RADIAN. ) );
#525 = EDGE_LOOP ( 'NONE', ( #2996, #1190, #1557, #55 ) ) ;
#526 = STYLED_ITEM ( 'NONE', ( #2965 ), #2486 ) ;
#527 = COLOUR_RGB ( '',0.7529411764705882248, 0.7529411764705882248, 0.7529411764705882248 ) ;
#528 = DIRECTION ( 'NONE',  ( 0.0000000000000000000, 0.0000000000000000000, 1.000000000000000000 ) ) ;
#529 = CARTESIAN_POINT ( 'NONE',  ( -0.1633858267716535584, 2.000899297819494236E-17, -0.01968503937007875723 ) ) ;
#530 = AXIS2_PLACEMENT_3D ( 'NONE', #2477, #3001, #574 ) ;
#531 = DIMENSIONAL_EXPONENTS ( 1.000000000000000000, 0.0000000000000000000, 0.0000000000000000000, 0.0000000000000000000, 0.0000000000000000000, 0.0000000000000000000, 0.0000000000000000000 ) ;
#532 = EDGE_CURVE ( 'NONE', #1757, #1980, #2338, .T. ) ;
#533 = ORIENTED_EDGE ( 'NONE', *, *, #2548, .F. ) ;
#534 = DIRECTION ( 'NONE',  ( 0.0000000000000000000, 0.0000000000000000000, -1.000000000000000000 ) ) ;
#535 =( CONVERSION_BASED_UNIT ( 'INCH', #1964 ) LENGTH_UNIT ( ) NAMED_UNIT ( #924 ) );
#536 = ORIENTED_EDGE ( 'NONE', *, *, #1259, .T. ) ;
#537 = SURFACE_SIDE_STYLE ('',( #1770 ) ) ;
#538 = CARTESIAN_POINT ( 'NONE',  ( 0.2559055118110236671, -0.2598425196850393526, -0.5511811023622048555 ) ) ;
#539 = CARTESIAN_POINT ( 'NONE',  ( 0.06496062992125843649, -0.1909448818897638289, -0.5433070866141732624 ) ) ;
#540 = VERTEX_POINT ( 'NONE', #2826 ) ;
#541 = CARTESIAN_POINT ( 'NONE',  ( -0.02559055118110157775, -0.2519685039370078705, -0.5925196850393701364 ) ) ;
#542 = SURFACE_STYLE_USAGE ( .BOTH. , #3140 ) ;
#543 = ORIENTED_EDGE ( 'NONE', *, *, #3071, .F. ) ;
#544 = SURFACE_STYLE_USAGE ( .BOTH. , #979 ) ;
#545 = CARTESIAN_POINT ( 'NONE',  ( 0.06496062992125915814, -0.06889763779527560694, -0.5472440944881890035 ) ) ;
#546 = ADVANCED_FACE ( 'NONE', ( #927, #2812 ), #442, .F. ) ;
#547 = FILL_AREA_STYLE ('',( #1227 ) ) ;
#548 = DIRECTION ( 'NONE',  ( 1.000000000000000000, 0.0000000000000000000, 0.0000000000000000000 ) ) ;
#549 = DIMENSIONAL_EXPONENTS ( 1.000000000000000000, 0.0000000000000000000, 0.0000000000000000000, 0.0000000000000000000, 0.0000000000000000000, 0.0000000000000000000, 0.0000000000000000000 ) ;
#550 = CARTESIAN_POINT ( 'NONE',  ( 0.02559055118109399701, -0.1909448818897638289, -0.5511811023622047445 ) ) ;
#551 = ORIENTED_EDGE ( 'NONE', *, *, #219, .F. ) ;
#552 = CARTESIAN_POINT ( 'NONE',  ( 0.0000000000000000000, 0.0000000000000000000, -0.3818897637795276023 ) ) ;
#553 = UNCERTAINTY_MEASURE_WITH_UNIT (LENGTH_MEASURE( 1.000000000000000082E-05 ), #292, 'distance_accuracy_value', 'NONE');
#554 = CARTESIAN_POINT ( 'NONE',  ( -0.2165354330708661457, 0.1181102362204724809, -0.5905511811023621549 ) ) ;
#555 = STYLED_ITEM ( 'NONE', ( #2464 ), #361 ) ;
#556 = SURFACE_STYLE_USAGE ( .BOTH. , #1773 ) ;
#557 = ORIENTED_EDGE ( 'NONE', *, *, #2634, .F. ) ;
#558 = CIRCLE ( 'NONE', #2088, 0.1633858267716535584 ) ;
#559 = AXIS2_PLACEMENT_3D ( 'NONE', #1851, #1351, #2791 ) ;
#560 =( CONVERSION_BASED_UNIT ( 'INCH', #2985 ) LENGTH_UNIT ( ) NAMED_UNIT ( #2458 ) );
#561 = ORIENTED_EDGE ( 'NONE', *, *, #2657, .F. ) ;
#562 = DIRECTION ( 'NONE',  ( 1.000000000000000000, 0.0000000000000000000, 0.0000000000000000000 ) ) ;
#563 = CARTESIAN_POINT ( 'NONE',  ( -0.2165354330708661457, -0.2559055118110235560, -0.3425196850393700809 ) ) ;
#564 = SURFACE_STYLE_USAGE ( .BOTH. , #2940 ) ;
#565 = ORIENTED_EDGE ( 'NONE', *, *, #974, .T. ) ;
#566 = MECHANICAL_DESIGN_GEOMETRIC_PRESENTATION_REPRESENTATION (  '', ( #161 ), #1531 ) ;
#567 = VECTOR ( 'NONE', #234, 39.37007874015748143 ) ;
#568 = EDGE_CURVE ( 'NONE', #500, #582, #2290, .T. ) ;
#569 = VECTOR ( 'NONE', #486, 39.37007874015748143 ) ;
#570 = CARTESIAN_POINT ( 'NONE',  ( -0.2047244094488188948, -0.2559055118110235560, -0.5905511811023621549 ) ) ;
#571 = ORIENTED_EDGE ( 'NONE', *, *, #2429, .T. ) ;
#572 = STYLED_ITEM ( 'NONE', ( #2832 ), #1204 ) ;
#573 =( GEOMETRIC_REPRESENTATION_CONTEXT ( 3 ) GLOBAL_UNCERTAINTY_ASSIGNED_CONTEXT ( ( #1342 ) ) GLOBAL_UNIT_ASSIGNED_CONTEXT ( ( #54, #24, #1013 ) ) REPRESENTATION_CONTEXT ( 'NONE', 'WORKASPACE' ) );
#574 = DIRECTION ( 'NONE',  ( 1.000000000000000000, 0.0000000000000000000, 0.0000000000000000000 ) ) ;
#575 =( LENGTH_UNIT ( ) NAMED_UNIT ( * ) SI_UNIT ( $, .METRE. ) );
#576 = SURFACE_STYLE_USAGE ( .BOTH. , #1819 ) ;
#577 = AXIS2_PLACEMENT_3D ( 'NONE', #1005, #2213, #60 ) ;
#578 = SURFACE_STYLE_FILL_AREA ( #3037 ) ;
#579 = PRESENTATION_STYLE_ASSIGNMENT (( #1121 ) ) ;
#580 = DIRECTION ( 'NONE',  ( -0.0000000000000000000, -0.0000000000000000000, -1.000000000000000000 ) ) ;
#581 = SURFACE_STYLE_USAGE ( .BOTH. , #1339 ) ;
#582 = VERTEX_POINT ( 'NONE', #1749 ) ;
#583 = CARTESIAN_POINT ( 'NONE',  ( 0.0000000000000000000, 0.0000000000000000000, -0.01574803149606299191 ) ) ;
#584 = FILL_AREA_STYLE ('',( #1312 ) ) ;
#585 = ORIENTED_EDGE ( 'NONE', *, *, #1223, .T. ) ;
#586 = ADVANCED_FACE ( 'NONE', ( #19 ), #770, .F. ) ;
#587 =( NAMED_UNIT ( * ) SI_UNIT ( $, .STERADIAN. ) SOLID_ANGLE_UNIT ( ) );
#588 = DIRECTION ( 'NONE',  ( 1.000000000000000000, 0.0000000000000000000, 0.0000000000000000000 ) ) ;
#589 = DIMENSIONAL_EXPONENTS ( 1.000000000000000000, 0.0000000000000000000, 0.0000000000000000000, 0.0000000000000000000, 0.0000000000000000000, 0.0000000000000000000, 0.0000000000000000000 ) ;
#590 = LENGTH_MEASURE_WITH_UNIT ( LENGTH_MEASURE( 0.02539999999999999897 ), #2773 );
#591 = FACE_OUTER_BOUND ( 'NONE', #2586, .T. ) ;
#592 = SURFACE_SIDE_STYLE ('',( #3057 ) ) ;
#593 = PRODUCT_DEFINITION_SHAPE ( 'NONE', 'NONE',  #1678 ) ;
#594 = SURFACE_STYLE_USAGE ( .BOTH. , #2036 ) ;
#595 = DIRECTION ( 'NONE',  ( 0.0000000000000000000, 1.000000000000000000, 0.0000000000000000000 ) ) ;
#596 = ORIENTED_EDGE ( 'NONE', *, *, #1762, .F. ) ;
#597 = DIRECTION ( 'NONE',  ( 0.0000000000000000000, -1.000000000000000000, 0.0000000000000000000 ) ) ;
#598 = SURFACE_SIDE_STYLE ('',( #1314 ) ) ;
#599 = ORIENTED_EDGE ( 'NONE', *, *, #1977, .T. ) ;
#600 = VECTOR ( 'NONE', #821, 39.37007874015748143 ) ;
#601 = DIRECTION ( 'NONE',  ( 1.000000000000000000, 0.0000000000000000000, 0.0000000000000000000 ) ) ;
#602 = EDGE_CURVE ( 'NONE', #2224, #143, #1511, .T. ) ;
#603 = PRESENTATION_STYLE_ASSIGNMENT (( #2313 ) ) ;
#604 = CIRCLE ( 'NONE', #312, 0.1633858267716535584 ) ;
#605 = ADVANCED_FACE ( 'NONE', ( #64 ), #807, .F. ) ;
#606 = CYLINDRICAL_SURFACE ( 'NONE', #2385, 0.003937007874015758385 ) ;
#607 = CARTESIAN_POINT ( 'NONE',  ( -0.2007874015748030982, 0.2165354330708662289, -0.3425196850393700809 ) ) ;
#608 = CARTESIAN_POINT ( 'NONE',  ( -0.06496062992125904711, -0.06496062992125985203, -0.5511811023622047445 ) ) ;
#609 =( NAMED_UNIT ( * ) PLANE_ANGLE_UNIT ( ) SI_UNIT ( $, .RADIAN. ) );
#610 = AXIS2_PLACEMENT_3D ( 'NONE', #393, #1847, #2984 ) ;
#611 = AXIS2_PLACEMENT_3D ( 'NONE', #1718, #2811, #941 ) ;
#612 = DIMENSIONAL_EXPONENTS ( 1.000000000000000000, 0.0000000000000000000, 0.0000000000000000000, 0.0000000000000000000, 0.0000000000000000000, 0.0000000000000000000, 0.0000000000000000000 ) ;
#613 = CARTESIAN_POINT ( 'NONE',  ( -0.2165354330708661457, 0.2165354330708662844, -0.4921259842519681293 ) ) ;
#614 = ORIENTED_EDGE ( 'NONE', *, *, #1738, .T. ) ;
#615 = LINE ( 'NONE', #1591, #1858 ) ;
#616 = UNCERTAINTY_MEASURE_WITH_UNIT (LENGTH_MEASURE( 1.000000000000000082E-05 ), #153, 'distance_accuracy_value', 'NONE');
#617 =( LENGTH_UNIT ( ) NAMED_UNIT ( * ) SI_UNIT ( $, .METRE. ) );
#618 = LINE ( 'NONE', #1556, #1133 ) ;
#619 = VECTOR ( 'NONE', #2829, 39.37007874015748143 ) ;
#620 = VERTEX_POINT ( 'NONE', #350 ) ;
#621 = FACE_OUTER_BOUND ( 'NONE', #2414, .T. ) ;
#622 = LINE ( 'NONE', #359, #1793 ) ;
#623 = AXIS2_PLACEMENT_3D ( 'NONE', #772, #2022, #498 ) ;
#624 = SURFACE_SIDE_STYLE ('',( #2030 ) ) ;
#625 = AXIS2_PLACEMENT_3D ( 'NONE', #1336, #2316, #2299 ) ;
#626 = STYLED_ITEM ( 'NONE', ( #2090 ), #2376 ) ;
#627 = PRESENTATION_STYLE_ASSIGNMENT (( #576 ) ) ;
#628 = DIRECTION ( 'NONE',  ( 0.0000000000000000000, 0.0000000000000000000, 1.000000000000000000 ) ) ;
#629 = CARTESIAN_POINT ( 'NONE',  ( 0.06496062992125983815, -0.06496062992125985203, -0.5472440944881890035 ) ) ;
#630 = ADVANCED_FACE ( 'NONE', ( #396 ), #2068, .T. ) ;
#631 = AXIS2_PLACEMENT_3D ( 'NONE', #2390, #2612, #2351 ) ;
#632 = DIRECTION ( 'NONE',  ( 0.0000000000000000000, 0.7071067811865487940, -0.7071067811865463515 ) ) ;
#633 = LENGTH_MEASURE_WITH_UNIT ( LENGTH_MEASURE( 0.02539999999999999897 ), #3010 );
#634 = ORIENTED_EDGE ( 'NONE', *, *, #1189, .F. ) ;
#635 = DIRECTION ( 'NONE',  ( 0.0000000000000000000, 0.0000000000000000000, 1.000000000000000000 ) ) ;
#636 = PRESENTATION_LAYER_ASSIGNMENT (  '', '', ( #387 ) ) ;
#637 = DIRECTION ( 'NONE',  ( -3.252606517456504230E-15, 0.0000000000000000000, -1.000000000000000000 ) ) ;
#638 = ORIENTED_EDGE ( 'NONE', *, *, #2163, .F. ) ;
#639 = DIMENSIONAL_EXPONENTS ( 1.000000000000000000, 0.0000000000000000000, 0.0000000000000000000, 0.0000000000000000000, 0.0000000000000000000, 0.0000000000000000000, 0.0000000000000000000 ) ;
#640 = CYLINDRICAL_SURFACE ( 'NONE', #3005, 0.003937007874015749712 ) ;
#641 = LENGTH_MEASURE_WITH_UNIT ( LENGTH_MEASURE( 0.02539999999999999897 ), #248 );
#642 = DIRECTION ( 'NONE',  ( 1.000000000000000000, 0.0000000000000000000, 0.0000000000000000000 ) ) ;
#643 = DIRECTION ( 'NONE',  ( 0.0000000000000000000, 0.0000000000000000000, -1.000000000000000000 ) ) ;
#644 = CARTESIAN_POINT ( 'NONE',  ( -0.07283464566929134798, 0.0000000000000000000, -0.3267716535433071168 ) ) ;
#645 = SURFACE_STYLE_USAGE ( .BOTH. , #1616 ) ;
#646 =( LENGTH_UNIT ( ) NAMED_UNIT ( * ) SI_UNIT ( $, .METRE. ) );
#647 = ADVANCED_FACE ( 'NONE', ( #2775 ), #1295, .F. ) ;
#648 = CARTESIAN_POINT ( 'NONE',  ( -0.2559055118110235560, 0.2165354330708662289, -0.5905511811023621549 ) ) ;
#649 = ORIENTED_EDGE ( 'NONE', *, *, #1260, .T. ) ;
#650 =( LENGTH_UNIT ( ) NAMED_UNIT ( * ) SI_UNIT ( $, .METRE. ) );
#651 = SURFACE_STYLE_FILL_AREA ( #1878 ) ;
#652 = ORIENTED_EDGE ( 'NONE', *, *, #1762, .T. ) ;
#653 =( NAMED_UNIT ( * ) SI_UNIT ( $, .STERADIAN. ) SOLID_ANGLE_UNIT ( ) );
#654 = ORIENTED_EDGE ( 'NONE', *, *, #2789, .F. ) ;
#655 = FILL_AREA_STYLE ('',( #1612 ) ) ;
#656 = VECTOR ( 'NONE', #2529, 39.37007874015748143 ) ;
#657 = MECHANICAL_DESIGN_GEOMETRIC_PRESENTATION_REPRESENTATION (  '', ( #555 ), #1940 ) ;
#658 = CARTESIAN_POINT ( 'NONE',  ( 0.2007874015748031815, 0.1673228346456691606, -0.5413385826771656140 ) ) ;
#659 = CARTESIAN_POINT ( 'NONE',  ( -0.02559055118110156388, -0.2598425196850393526, -0.5472440944881890035 ) ) ;
#660 = CARTESIAN_POINT ( 'NONE',  ( 0.06496062992125915814, -0.06889763779527560694, -0.5511811023622047445 ) ) ;
#661 = LENGTH_MEASURE_WITH_UNIT ( LENGTH_MEASURE( 0.02539999999999999897 ), #412 );
#662 = COLOUR_RGB ( '',0.7529411764705882248, 0.7529411764705882248, 0.7529411764705882248 ) ;
#663 =( GEOMETRIC_REPRESENTATION_CONTEXT ( 3 ) GLOBAL_UNCERTAINTY_ASSIGNED_CONTEXT ( ( #849 ) ) GLOBAL_UNIT_ASSIGNED_CONTEXT ( ( #1048, #2688, #2026 ) ) REPRESENTATION_CONTEXT ( 'NONE', 'WORKASPACE' ) );
#664 = PRESENTATION_STYLE_ASSIGNMENT (( #340 ) ) ;
#665 = DIRECTION ( 'NONE',  ( -0.0000000000000000000, -0.0000000000000000000, -1.000000000000000000 ) ) ;
#666 = ORIENTED_EDGE ( 'NONE', *, *, #808, .T. ) ;
#667 = ADVANCED_FACE ( 'NONE', ( #1056 ), #606, .T. ) ;
#668 =( CONVERSION_BASED_UNIT ( 'INCH', #2109 ) LENGTH_UNIT ( ) NAMED_UNIT ( #2840 ) );
#669 = VERTEX_POINT ( 'NONE', #1367 ) ;
#670 = CARTESIAN_POINT ( 'NONE',  ( 0.0000000000000000000, 0.0000000000000000000, -0.3425196850393700809 ) ) ;
#671 = EDGE_CURVE ( 'NONE', #2765, #1722, #1144, .T. ) ;
#672 = ADVANCED_BREP_SHAPE_REPRESENTATION ( 'CUI_DEVICES_RCJ-014-SMT', ( #435, #1454, #2522, #423, #1040 ), #2309 ) ;
#673 = MECHANICAL_DESIGN_GEOMETRIC_PRESENTATION_REPRESENTATION (  '', ( #162 ), #1080 ) ;
#674 = PRESENTATION_LAYER_ASSIGNMENT (  '', '', ( #1745 ) ) ;
#675 =( CONVERSION_BASED_UNIT ( 'INCH', #179 ) LENGTH_UNIT ( ) NAMED_UNIT ( #2197 ) );
#676 =( GEOMETRIC_REPRESENTATION_CONTEXT ( 3 ) GLOBAL_UNCERTAINTY_ASSIGNED_CONTEXT ( ( #2209 ) ) GLOBAL_UNIT_ASSIGNED_CONTEXT ( ( #668, #105, #653 ) ) REPRESENTATION_CONTEXT ( 'NONE', 'WORKASPACE' ) );
#677 = LINE ( 'NONE', #213, #2550 ) ;
#678 = DIMENSIONAL_EXPONENTS ( 1.000000000000000000, 0.0000000000000000000, 0.0000000000000000000, 0.0000000000000000000, 0.0000000000000000000, 0.0000000000000000000, 0.0000000000000000000 ) ;
#679 = CARTESIAN_POINT ( 'NONE',  ( -0.06496062992125985203, 0.0000000000000000000, -0.3267716535433071168 ) ) ;
#680 = VECTOR ( 'NONE', #184, 39.37007874015748143 ) ;
#681 = ORIENTED_EDGE ( 'NONE', *, *, #417, .F. ) ;
#682 = DIRECTION ( 'NONE',  ( 1.000000000000000000, 0.0000000000000000000, 0.0000000000000000000 ) ) ;
#683 =( GEOMETRIC_REPRESENTATION_CONTEXT ( 3 ) GLOBAL_UNCERTAINTY_ASSIGNED_CONTEXT ( ( #1433 ) ) GLOBAL_UNIT_ASSIGNED_CONTEXT ( ( #263, #516, #1787 ) ) REPRESENTATION_CONTEXT ( 'NONE', 'WORKASPACE' ) );
#684 = FILL_AREA_STYLE_COLOUR ( '', #1527 ) ;
#685 = FILL_AREA_STYLE ('',( #460 ) ) ;
#686 = EDGE_LOOP ( 'NONE', ( #863, #278, #3079, #1486, #2149, #98 ) ) ;
#687 = VECTOR ( 'NONE', #2525, 39.37007874015748143 ) ;
#688 = FILL_AREA_STYLE_COLOUR ( '', #2155 ) ;
#689 = ORIENTED_EDGE ( 'NONE', *, *, #2947, .F. ) ;
#690 = ADVANCED_FACE ( 'NONE', ( #2576 ), #2859, .T. ) ;
#691 =( NAMED_UNIT ( * ) PLANE_ANGLE_UNIT ( ) SI_UNIT ( $, .RADIAN. ) );
#692 = DIRECTION ( 'NONE',  ( 0.0000000000000000000, 0.0000000000000000000, 1.000000000000000000 ) ) ;
#693 = FILL_AREA_STYLE_COLOUR ( '', #1512 ) ;
#694 = FACE_BOUND ( 'NONE', #1951, .T. ) ;
#695 = PRESENTATION_STYLE_ASSIGNMENT (( #2600 ) ) ;
#696 = LINE ( 'NONE', #3122, #2643 ) ;
#697 = CARTESIAN_POINT ( 'NONE',  ( 0.07283464566929134798, 0.0000000000000000000, -0.01574803149606296415 ) ) ;
#698 = LINE ( 'NONE', #1921, #2157 ) ;
#699 = ORIENTED_EDGE ( 'NONE', *, *, #808, .F. ) ;
#700 = ORIENTED_EDGE ( 'NONE', *, *, #1115, .F. ) ;
#701 = EDGE_CURVE ( 'NONE', #49, #1462, #465, .T. ) ;
#702 = FILL_AREA_STYLE ('',( #2860 ) ) ;
#703 = ADVANCED_FACE ( 'NONE', ( #227 ), #313, .T. ) ;
#704 = PRESENTATION_LAYER_ASSIGNMENT (  '', '', ( #1623 ) ) ;
#705 =( NAMED_UNIT ( * ) SI_UNIT ( $, .STERADIAN. ) SOLID_ANGLE_UNIT ( ) );
#706 = LENGTH_MEASURE_WITH_UNIT ( LENGTH_MEASURE( 0.02539999999999999897 ), #948 );
#707 = CYLINDRICAL_SURFACE ( 'NONE', #3133, 0.1633858267716535584 ) ;
#708 = DIRECTION ( 'NONE',  ( 1.000000000000000000, 0.0000000000000000000, 0.0000000000000000000 ) ) ;
#709 =( GEOMETRIC_REPRESENTATION_CONTEXT ( 3 ) GLOBAL_UNCERTAINTY_ASSIGNED_CONTEXT ( ( #491 ) ) GLOBAL_UNIT_ASSIGNED_CONTEXT ( ( #1853, #609, #2330 ) ) REPRESENTATION_CONTEXT ( 'NONE', 'WORKASPACE' ) );
#710 = AXIS2_PLACEMENT_3D ( 'NONE', #1692, #2650, #2952 ) ;
#711 = DIRECTION ( 'NONE',  ( 1.000000000000000000, 0.0000000000000000000, 0.0000000000000000000 ) ) ;
#712 = ORIENTED_EDGE ( 'NONE', *, *, #2566, .T. ) ;
#713 = FACE_OUTER_BOUND ( 'NONE', #78, .T. ) ;
#714 = VECTOR ( 'NONE', #692, 39.37007874015748143 ) ;
#715 = UNCERTAINTY_MEASURE_WITH_UNIT (LENGTH_MEASURE( 1.000000000000000082E-05 ), #1501, 'distance_accuracy_value', 'NONE');
#716 = ORIENTED_EDGE ( 'NONE', *, *, #121, .T. ) ;
#717 = VECTOR ( 'NONE', #819, 39.37007874015748143 ) ;
#718 =( NAMED_UNIT ( * ) SI_UNIT ( $, .STERADIAN. ) SOLID_ANGLE_UNIT ( ) );
#719 = COLOUR_RGB ( '',0.7529411764705882248, 0.7529411764705882248, 0.7529411764705882248 ) ;
#720 = SURFACE_STYLE_USAGE ( .BOTH. , #2479 ) ;
#721 = ORIENTED_EDGE ( 'NONE', *, *, #140, .F. ) ;
#722 = ADVANCED_FACE ( 'NONE', ( #1192 ), #1897, .F. ) ;
#723 = SURFACE_SIDE_STYLE ('',( #1166 ) ) ;
#724 = MECHANICAL_DESIGN_GEOMETRIC_PRESENTATION_REPRESENTATION (  '', ( #1646 ), #1596 ) ;
#725 = VECTOR ( 'NONE', #2616, 39.37007874015748143 ) ;
#726 = CARTESIAN_POINT ( 'NONE',  ( 0.2165354330708661457, 0.2165354330708662289, -0.4921259842519684069 ) ) ;
#727 = EDGE_CURVE ( 'NONE', #2675, #2741, #873, .T. ) ;
#728 = DIRECTION ( 'NONE',  ( -1.000000000000000000, 1.224646799147352468E-16, 0.0000000000000000000 ) ) ;
#729 = ORIENTED_EDGE ( 'NONE', *, *, #1189, .T. ) ;
#730 = PRESENTATION_LAYER_ASSIGNMENT (  '', '', ( #3008 ) ) ;
#731 = STYLED_ITEM ( 'NONE', ( #1578 ), #672 ) ;
#732 = CARTESIAN_POINT ( 'NONE',  ( 0.06496062992125985203, 7.955382750366665093E-18, -0.09842519685039372024 ) ) ;
#733 = ORIENTED_EDGE ( 'NONE', *, *, #1873, .F. ) ;
#734 = MECHANICAL_DESIGN_GEOMETRIC_PRESENTATION_REPRESENTATION (  '', ( #1235 ), #276 ) ;
#735 = PLANE ( 'NONE',  #364 ) ;
#736 = CARTESIAN_POINT ( 'NONE',  ( 0.2559055118110236671, 0.2165354330708662289, -0.5708661417322836718 ) ) ;
#737 = ORIENTED_EDGE ( 'NONE', *, *, #701, .T. ) ;
#738 = DIRECTION ( 'NONE',  ( 1.000000000000000000, 0.0000000000000000000, 0.0000000000000000000 ) ) ;
#739 =( NAMED_UNIT ( * ) SI_UNIT ( $, .STERADIAN. ) SOLID_ANGLE_UNIT ( ) );
#740 = ADVANCED_FACE ( 'NONE', ( #481 ), #1970, .T. ) ;
#741 = DIRECTION ( 'NONE',  ( 1.314184451497603199E-16, 1.000000000000000000, 0.0000000000000000000 ) ) ;
#742 = LENGTH_MEASURE_WITH_UNIT ( LENGTH_MEASURE( 0.02539999999999999897 ), #2011 );
#743 = ORIENTED_EDGE ( 'NONE', *, *, #1538, .F. ) ;
#744 = FILL_AREA_STYLE_COLOUR ( '', #1849 ) ;
#745 = UNCERTAINTY_MEASURE_WITH_UNIT (LENGTH_MEASURE( 1.000000000000000082E-05 ), #675, 'distance_accuracy_value', 'NONE');
#746 = CARTESIAN_POINT ( 'NONE',  ( 0.02559055118109399701, -0.1909448818897638289, -0.5511811023622047445 ) ) ;
#747 =( NAMED_UNIT ( * ) PLANE_ANGLE_UNIT ( ) SI_UNIT ( $, .RADIAN. ) );
#748 = ORIENTED_EDGE ( 'NONE', *, *, #1101, .T. ) ;
#749 = DIRECTION ( 'NONE',  ( 1.000000000000000000, 0.0000000000000000000, 0.0000000000000000000 ) ) ;
#750 =( CONVERSION_BASED_UNIT ( 'INCH', #2001 ) LENGTH_UNIT ( ) NAMED_UNIT ( #2500 ) );
#751 = COLOUR_RGB ( '',0.7529411764705882248, 0.7529411764705882248, 0.7529411764705882248 ) ;
#752 = VERTEX_POINT ( 'NONE', #529 ) ;
#753 = DIRECTION ( 'NONE',  ( 0.0000000000000000000, 0.0000000000000000000, 1.000000000000000000 ) ) ;
#754 = CARTESIAN_POINT ( 'NONE',  ( -0.2165354330708660902, 0.1181102362204724809, -0.5905511811023621549 ) ) ;
#755 = LINE ( 'NONE', #2666, #2795 ) ;
#756 = ORIENTED_EDGE ( 'NONE', *, *, #1743, .T. ) ;
#757 =( GEOMETRIC_REPRESENTATION_CONTEXT ( 3 ) GLOBAL_UNCERTAINTY_ASSIGNED_CONTEXT ( ( #778 ) ) GLOBAL_UNIT_ASSIGNED_CONTEXT ( ( #560, #3003, #2788 ) ) REPRESENTATION_CONTEXT ( 'NONE', 'WORKASPACE' ) );
#758 =( NAMED_UNIT ( * ) SI_UNIT ( $, .STERADIAN. ) SOLID_ANGLE_UNIT ( ) );
#759 = DIRECTION ( 'NONE',  ( -1.000000000000000000, 0.0000000000000000000, 0.0000000000000000000 ) ) ;
#760 = ORIENTED_EDGE ( 'NONE', *, *, #195, .F. ) ;
#761 = EDGE_CURVE ( 'NONE', #1061, #2817, #1760, .T. ) ;
#762 =( GEOMETRIC_REPRESENTATION_CONTEXT ( 3 ) GLOBAL_UNCERTAINTY_ASSIGNED_CONTEXT ( ( #2461 ) ) GLOBAL_UNIT_ASSIGNED_CONTEXT ( ( #1526, #130, #587 ) ) REPRESENTATION_CONTEXT ( 'NONE', 'WORKASPACE' ) );
#763 = ADVANCED_FACE ( 'NONE', ( #2936, #274 ), #735, .F. ) ;
#764 = COLOUR_RGB ( '',0.7529411764705882248, 0.7529411764705882248, 0.7529411764705882248 ) ;
#765 = CARTESIAN_POINT ( 'NONE',  ( 0.1633858267716535584, 0.0000000000000000000, -0.3818897637795276023 ) ) ;
#766 = ADVANCED_FACE ( 'NONE', ( #1319, #2514 ), #837, .F. ) ;
#767 = DIRECTION ( 'NONE',  ( 0.0000000000000000000, -1.000000000000000000, 0.0000000000000000000 ) ) ;
#768 = CIRCLE ( 'NONE', #1370, 0.07283464566929134798 ) ;
#769 = ORIENTED_EDGE ( 'NONE', *, *, #2072, .F. ) ;
#770 = PLANE ( 'NONE',  #1211 ) ;
#771 = VECTOR ( 'NONE', #2210, 39.37007874015748143 ) ;
#772 = CARTESIAN_POINT ( 'NONE',  ( -0.06496062992125906099, -0.07677165354330710290, -0.5393700787401576324 ) ) ;
#773 = DIMENSIONAL_EXPONENTS ( 1.000000000000000000, 0.0000000000000000000, 0.0000000000000000000, 0.0000000000000000000, 0.0000000000000000000, 0.0000000000000000000, 0.0000000000000000000 ) ;
#774 = COLOUR_RGB ( '',0.7529411764705882248, 0.7529411764705882248, 0.7529411764705882248 ) ;
#775 = ORIENTED_EDGE ( 'NONE', *, *, #727, .F. ) ;
#776 = DIRECTION ( 'NONE',  ( -0.0000000000000000000, -0.0000000000000000000, -1.000000000000000000 ) ) ;
#777 = PRESENTATION_LAYER_ASSIGNMENT (  '', '', ( #472 ) ) ;
#778 = UNCERTAINTY_MEASURE_WITH_UNIT (LENGTH_MEASURE( 1.000000000000000082E-05 ), #560, 'distance_accuracy_value', 'NONE');
#779 = CARTESIAN_POINT ( 'NONE',  ( 0.06496062992125985203, 7.955382750366665093E-18, -0.3267716535433071168 ) ) ;
#780 = VERTEX_POINT ( 'NONE', #2787 ) ;
#781 = STYLED_ITEM ( 'NONE', ( #1127 ), #2527 ) ;
#782 = EDGE_CURVE ( 'NONE', #3062, #788, #622, .T. ) ;
#783 = VECTOR ( 'NONE', #1805, 39.37007874015748143 ) ;
#784 = EDGE_CURVE ( 'NONE', #2961, #2708, #2497, .T. ) ;
#785 = DIRECTION ( 'NONE',  ( 0.0000000000000000000, 0.0000000000000000000, -1.000000000000000000 ) ) ;
#786 = DIRECTION ( 'NONE',  ( 0.0000000000000000000, 0.0000000000000000000, -1.000000000000000000 ) ) ;
#787 =( NAMED_UNIT ( * ) PLANE_ANGLE_UNIT ( ) SI_UNIT ( $, .RADIAN. ) );
#788 = VERTEX_POINT ( 'NONE', #1832 ) ;
#789 = SURFACE_STYLE_FILL_AREA ( #2005 ) ;
#790 = FILL_AREA_STYLE_COLOUR ( '', #865 ) ;
#791 = DIRECTION ( 'NONE',  ( 0.0000000000000000000, 0.0000000000000000000, -1.000000000000000000 ) ) ;
#792 = CARTESIAN_POINT ( 'NONE',  ( -0.06496062992125906099, -0.07677165354330710290, -0.5433070866141732624 ) ) ;
#793 = SURFACE_SIDE_STYLE ('',( #33 ) ) ;
#794 = VERTEX_POINT ( 'NONE', #1291 ) ;
#795 = FILL_AREA_STYLE ('',( #744 ) ) ;
#796 = CARTESIAN_POINT ( 'NONE',  ( -0.06496062992125904711, -0.07677165354330710290, -0.5433070866141732624 ) ) ;
#797 = ORIENTED_EDGE ( 'NONE', *, *, #94, .T. ) ;
#798 = DIMENSIONAL_EXPONENTS ( 1.000000000000000000, 0.0000000000000000000, 0.0000000000000000000, 0.0000000000000000000, 0.0000000000000000000, 0.0000000000000000000, 0.0000000000000000000 ) ;
#799 =( NAMED_UNIT ( * ) PLANE_ANGLE_UNIT ( ) SI_UNIT ( $, .RADIAN. ) );
#800 =( NAMED_UNIT ( * ) PLANE_ANGLE_UNIT ( ) SI_UNIT ( $, .RADIAN. ) );
#801 = FILL_AREA_STYLE ('',( #2560 ) ) ;
#802 = PRESENTATION_STYLE_ASSIGNMENT (( #1600 ) ) ;
#803 = ORIENTED_EDGE ( 'NONE', *, *, #137, .T. ) ;
#804 = SURFACE_SIDE_STYLE ('',( #2970 ) ) ;
#805 = CARTESIAN_POINT ( 'NONE',  ( -0.2007874015748030982, 0.2165354330708662289, -0.5905511811023621549 ) ) ;
#806 = SURFACE_STYLE_USAGE ( .BOTH. , #281 ) ;
#807 = PLANE ( 'NONE',  #3042 ) ;
#808 = EDGE_CURVE ( 'NONE', #2165, #1403, #76, .T. ) ;
#809 = FACE_OUTER_BOUND ( 'NONE', #158, .T. ) ;
#810 = DIRECTION ( 'NONE',  ( 0.7071067811864236718, -0.7071067811866713626, 0.0000000000000000000 ) ) ;
#811 = EDGE_LOOP ( 'NONE', ( #1521, #2121, #1067, #1911, #911, #729, #803, #2028 ) ) ;
#812 = CARTESIAN_POINT ( 'NONE',  ( 0.02559055118109399701, -0.2598425196850393526, -0.5433070866141732624 ) ) ;
#813 = PRESENTATION_LAYER_ASSIGNMENT (  '', '', ( #1937 ) ) ;
#814 = DIRECTION ( 'NONE',  ( 1.000000000000000000, -1.314184451497603199E-16, -9.757819552369514663E-15 ) ) ;
#815 = DIRECTION ( 'NONE',  ( -1.000000000000000000, 1.314184451497603199E-16, 9.757819552369514663E-15 ) ) ;
#816 = VERTEX_POINT ( 'NONE', #3021 ) ;
#817 = MECHANICAL_DESIGN_GEOMETRIC_PRESENTATION_REPRESENTATION (  '', ( #1789 ), #459 ) ;
#818 = PLANE ( 'NONE',  #326 ) ;
#819 = DIRECTION ( 'NONE',  ( 0.0000000000000000000, 1.000000000000000000, 0.0000000000000000000 ) ) ;
#820 = ORIENTED_EDGE ( 'NONE', *, *, #1907, .F. ) ;
#821 = DIRECTION ( 'NONE',  ( 0.0000000000000000000, 0.0000000000000000000, 1.000000000000000000 ) ) ;
#822 =( CONVERSION_BASED_UNIT ( 'INCH', #2991 ) LENGTH_UNIT ( ) NAMED_UNIT ( #32 ) );
#823 = DIRECTION ( 'NONE',  ( 0.0000000000000000000, 0.0000000000000000000, 1.000000000000000000 ) ) ;
#824 = EDGE_CURVE ( 'NONE', #2901, #1377, #2019, .T. ) ;
#825 = CARTESIAN_POINT ( 'NONE',  ( 0.2165354330708661457, -0.2559055118110235560, -0.3425196850393700809 ) ) ;
#826 = EDGE_LOOP ( 'NONE', ( #1774, #225, #551, #2999, #2736, #3124, #1554, #155 ) ) ;
#827 = LINE ( 'NONE', #1809, #2591 ) ;
#828 = VECTOR ( 'NONE', #1002, 39.37007874015748143 ) ;
#829 = MECHANICAL_DESIGN_GEOMETRIC_PRESENTATION_REPRESENTATION (  '', ( #2300 ), #264 ) ;
#830 = COLOUR_RGB ( '',0.7529411764705882248, 0.7529411764705882248, 0.7529411764705882248 ) ;
#831 = DIRECTION ( 'NONE',  ( 0.0000000000000000000, 0.0000000000000000000, 1.000000000000000000 ) ) ;
#832 = ORIENTED_EDGE ( 'NONE', *, *, #2416, .T. ) ;
#833 =( NAMED_UNIT ( * ) PLANE_ANGLE_UNIT ( ) SI_UNIT ( $, .RADIAN. ) );
#834 = MECHANICAL_DESIGN_GEOMETRIC_PRESENTATION_REPRESENTATION (  '', ( #781 ), #1810 ) ;
#835 = LENGTH_MEASURE_WITH_UNIT ( LENGTH_MEASURE( 0.02539999999999999897 ), #1775 );
#836 =( NAMED_UNIT ( * ) PLANE_ANGLE_UNIT ( ) SI_UNIT ( $, .RADIAN. ) );
#837 = PLANE ( 'NONE',  #610 ) ;
#838 = DIRECTION ( 'NONE',  ( -9.130123557772670060E-16, 0.0000000000000000000, 1.000000000000000000 ) ) ;
#839 = VECTOR ( 'NONE', #3040, 39.37007874015748143 ) ;
#840 = MECHANICAL_DESIGN_GEOMETRIC_PRESENTATION_REPRESENTATION (  '', ( #172 ), #2749 ) ;
#841 = DIRECTION ( 'NONE',  ( 1.000000000000000000, 0.0000000000000000000, 0.0000000000000000000 ) ) ;
#842 =( LENGTH_UNIT ( ) NAMED_UNIT ( * ) SI_UNIT ( $, .METRE. ) );
#843 = DIMENSIONAL_EXPONENTS ( 1.000000000000000000, 0.0000000000000000000, 0.0000000000000000000, 0.0000000000000000000, 0.0000000000000000000, 0.0000000000000000000, 0.0000000000000000000 ) ;
#844 = DIRECTION ( 'NONE',  ( -1.000000000000000000, 0.0000000000000000000, 0.0000000000000000000 ) ) ;
#845 = ORIENTED_EDGE ( 'NONE', *, *, #3115, .F. ) ;
#846 = SURFACE_STYLE_FILL_AREA ( #352 ) ;
#847 = ADVANCED_FACE ( 'NONE', ( #2542 ), #1935, .T. ) ;
#848 = EDGE_CURVE ( 'NONE', #342, #82, #203, .T. ) ;
#849 = UNCERTAINTY_MEASURE_WITH_UNIT (LENGTH_MEASURE( 1.000000000000000082E-05 ), #1048, 'distance_accuracy_value', 'NONE');
#850 = LENGTH_MEASURE_WITH_UNIT ( LENGTH_MEASURE( 0.02539999999999999897 ), #617 );
#851 = DIRECTION ( 'NONE',  ( 0.0000000000000000000, 0.0000000000000000000, 1.000000000000000000 ) ) ;
#852 = ORIENTED_EDGE ( 'NONE', *, *, #219, .T. ) ;
#853 = ADVANCED_FACE ( 'NONE', ( #237 ), #1419, .T. ) ;
#854 =( NAMED_UNIT ( * ) PLANE_ANGLE_UNIT ( ) SI_UNIT ( $, .RADIAN. ) );
#855 = DIRECTION ( 'NONE',  ( 0.0000000000000000000, 0.0000000000000000000, 1.000000000000000000 ) ) ;
#856 = LINE ( 'NONE', #2530, #2646 ) ;
#857 = SURFACE_STYLE_FILL_AREA ( #1122 ) ;
#858 = ORIENTED_EDGE ( 'NONE', *, *, #2112, .T. ) ;
#859 = CARTESIAN_POINT ( 'NONE',  ( 0.2007874015748031815, -0.2440944881889763884, -0.5905511811023624880 ) ) ;
#860 = MECHANICAL_DESIGN_GEOMETRIC_PRESENTATION_REPRESENTATION (  '', ( #1405 ), #1724 ) ;
#861 = SURFACE_STYLE_USAGE ( .BOTH. , #1860 ) ;
#862 = LENGTH_MEASURE_WITH_UNIT ( LENGTH_MEASURE( 0.02539999999999999897 ), #879 );
#863 = ORIENTED_EDGE ( 'NONE', *, *, #1287, .T. ) ;
#864 = STYLED_ITEM ( 'NONE', ( #2021 ), #118 ) ;
#865 = COLOUR_RGB ( '',0.7529411764705882248, 0.7529411764705882248, 0.7529411764705882248 ) ;
#866 = DIRECTION ( 'NONE',  ( 0.0000000000000000000, 0.0000000000000000000, 1.000000000000000000 ) ) ;
#867 = ADVANCED_FACE ( 'NONE', ( #713 ), #1705, .T. ) ;
#868 = DIRECTION ( 'NONE',  ( 1.314184451497603199E-16, 1.000000000000000000, 0.0000000000000000000 ) ) ;
#869 =( GEOMETRIC_REPRESENTATION_CONTEXT ( 3 ) GLOBAL_UNCERTAINTY_ASSIGNED_CONTEXT ( ( #2274 ) ) GLOBAL_UNIT_ASSIGNED_CONTEXT ( ( #750, #1205, #2433 ) ) REPRESENTATION_CONTEXT ( 'NONE', 'WORKASPACE' ) );
#870 = PRESENTATION_LAYER_ASSIGNMENT (  '', '', ( #503 ) ) ;
#871 = CARTESIAN_POINT ( 'NONE',  ( 0.0000000000000000000, 0.0000000000000000000, 0.0000000000000000000 ) ) ;
#872 = PRESENTATION_STYLE_ASSIGNMENT (( #645 ) ) ;
#873 = CIRCLE ( 'NONE', #710, 0.02559055118109769891 ) ;
#874 = LENGTH_MEASURE_WITH_UNIT ( LENGTH_MEASURE( 0.02539999999999999897 ), #842 );
#875 = AXIS2_PLACEMENT_3D ( 'NONE', #1404, #2381, #3112 ) ;
#876 = FACE_OUTER_BOUND ( 'NONE', #256, .T. ) ;
#877 = ORIENTED_EDGE ( 'NONE', *, *, #37, .F. ) ;
#878 = DIRECTION ( 'NONE',  ( 1.314184451497603199E-16, 1.000000000000000000, -1.282357473624331894E-30 ) ) ;
#879 =( LENGTH_UNIT ( ) NAMED_UNIT ( * ) SI_UNIT ( $, .METRE. ) );
#880 = VECTOR ( 'NONE', #939, 39.37007874015748143 ) ;
#881 = ORIENTED_EDGE ( 'NONE', *, *, #300, .T. ) ;
#882 = AXIS2_PLACEMENT_3D ( 'NONE', #1822, #3025, #823 ) ;
#883 = VECTOR ( 'NONE', #949, 39.37007874015748143 ) ;
#884 = LENGTH_MEASURE_WITH_UNIT ( LENGTH_MEASURE( 0.02539999999999999897 ), #3049 );
#885 = ORIENTED_EDGE ( 'NONE', *, *, #2076, .F. ) ;
#886 = DIRECTION ( 'NONE',  ( 1.000000000000000000, 0.0000000000000000000, 0.0000000000000000000 ) ) ;
#887 = ADVANCED_FACE ( 'NONE', ( #984 ), #1966, .T. ) ;
#888 = SURFACE_SIDE_STYLE ('',( #2167 ) ) ;
#889 =( NAMED_UNIT ( * ) SI_UNIT ( $, .STERADIAN. ) SOLID_ANGLE_UNIT ( ) );
#890 = PLANE ( 'NONE',  #3101 ) ;
#891 =( LENGTH_UNIT ( ) NAMED_UNIT ( * ) SI_UNIT ( $, .METRE. ) );
#892 = PRESENTATION_LAYER_ASSIGNMENT (  '', '', ( #781 ) ) ;
#893 = STYLED_ITEM ( 'NONE', ( #2960 ), #2755 ) ;
#894 = DIRECTION ( 'NONE',  ( 0.0000000000000000000, 0.0000000000000000000, -1.000000000000000000 ) ) ;
#895 = ORIENTED_EDGE ( 'NONE', *, *, #1873, .T. ) ;
#896 = DIRECTION ( 'NONE',  ( 0.0000000000000000000, 0.0000000000000000000, 1.000000000000000000 ) ) ;
#897 = AXIS2_PLACEMENT_3D ( 'NONE', #1180, #1386, #1918 ) ;
#898 = CARTESIAN_POINT ( 'NONE',  ( -0.02559055118110157775, -0.2519685039370078705, -0.5925196850393701364 ) ) ;
#899 = FACE_OUTER_BOUND ( 'NONE', #2559, .T. ) ;
#900 = ORIENTED_EDGE ( 'NONE', *, *, #2947, .T. ) ;
#901 = ORIENTED_EDGE ( 'NONE', *, *, #2853, .F. ) ;
#902 = DIRECTION ( 'NONE',  ( -1.000000000000000000, 0.0000000000000000000, 0.0000000000000000000 ) ) ;
#903 = DIMENSIONAL_EXPONENTS ( 1.000000000000000000, 0.0000000000000000000, 0.0000000000000000000, 0.0000000000000000000, 0.0000000000000000000, 0.0000000000000000000, 0.0000000000000000000 ) ;
#904 = SURFACE_SIDE_STYLE ('',( #1182 ) ) ;
#905 = EDGE_CURVE ( 'NONE', #2418, #2452, #2942, .T. ) ;
#906 =( CONVERSION_BASED_UNIT ( 'INCH', #1856 ) LENGTH_UNIT ( ) NAMED_UNIT ( #1060 ) );
#907 = DIRECTION ( 'NONE',  ( 1.000000000000000000, 0.0000000000000000000, 0.0000000000000000000 ) ) ;
#908 = LINE ( 'NONE', #2131, #1598 ) ;
#909 = ORIENTED_EDGE ( 'NONE', *, *, #1115, .T. ) ;
#910 =( NAMED_UNIT ( * ) PLANE_ANGLE_UNIT ( ) SI_UNIT ( $, .RADIAN. ) );
#911 = ORIENTED_EDGE ( 'NONE', *, *, #277, .T. ) ;
#912 = DIRECTION ( 'NONE',  ( -0.0000000000000000000, -0.0000000000000000000, -1.000000000000000000 ) ) ;
#913 = VECTOR ( 'NONE', #1699, 39.37007874015748143 ) ;
#914 =( CONVERSION_BASED_UNIT ( 'INCH', #1135 ) LENGTH_UNIT ( ) NAMED_UNIT ( #2752 ) );
#915 = CYLINDRICAL_SURFACE ( 'NONE', #3084, 0.07283464566929134798 ) ;
#916 = FILL_AREA_STYLE ('',( #2159 ) ) ;
#917 = LENGTH_MEASURE_WITH_UNIT ( LENGTH_MEASURE( 0.02539999999999999897 ), #646 );
#918 = COLOUR_RGB ( '',1.000000000000000000, 1.000000000000000000, 0.3607843137254901911 ) ;
#919 = DIRECTION ( 'NONE',  ( 0.0000000000000000000, 0.0000000000000000000, 1.000000000000000000 ) ) ;
#920 = EDGE_CURVE ( 'NONE', #2472, #452, #827, .T. ) ;
#921 =( LENGTH_UNIT ( ) NAMED_UNIT ( * ) SI_UNIT ( $, .METRE. ) );
#922 = DIRECTION ( 'NONE',  ( 0.0000000000000000000, 0.0000000000000000000, 1.000000000000000000 ) ) ;
#923 = ORIENTED_EDGE ( 'NONE', *, *, #1325, .T. ) ;
#924 = DIMENSIONAL_EXPONENTS ( 1.000000000000000000, 0.0000000000000000000, 0.0000000000000000000, 0.0000000000000000000, 0.0000000000000000000, 0.0000000000000000000, 0.0000000000000000000 ) ;
#925 = CARTESIAN_POINT ( 'NONE',  ( -0.2165354330708661457, 0.2165354330708662289, -0.3267716535433071168 ) ) ;
#926 = ORIENTED_EDGE ( 'NONE', *, *, #973, .F. ) ;
#927 = FACE_BOUND ( 'NONE', #1969, .T. ) ;
#928 = CIRCLE ( 'NONE', #1330, 0.1633858267716535584 ) ;
#929 =( GEOMETRIC_REPRESENTATION_CONTEXT ( 3 ) GLOBAL_UNCERTAINTY_ASSIGNED_CONTEXT ( ( #1216 ) ) GLOBAL_UNIT_ASSIGNED_CONTEXT ( ( #1975, #1728, #2684 ) ) REPRESENTATION_CONTEXT ( 'NONE', 'WORKASPACE' ) );
#930 = LINE ( 'NONE', #1177, #356 ) ;
#931 = SURFACE_STYLE_USAGE ( .BOTH. , #1395 ) ;
#932 = AXIS2_PLACEMENT_3D ( 'NONE', #88, #1443, #2043 ) ;
#933 = STYLED_ITEM ( 'NONE', ( #579 ), #1378 ) ;
#934 = LINE ( 'NONE', #180, #1276 ) ;
#935 = PRESENTATION_LAYER_ASSIGNMENT (  '', '', ( #477 ) ) ;
#936 = ORIENTED_EDGE ( 'NONE', *, *, #2237, .T. ) ;
#937 = CARTESIAN_POINT ( 'NONE',  ( 0.2165354330708661457, 0.2165354330708662289, -0.3425196850393700809 ) ) ;
#938 = MECHANICAL_DESIGN_GEOMETRIC_PRESENTATION_REPRESENTATION (  '', ( #3008 ), #683 ) ;
#939 = DIRECTION ( 'NONE',  ( -0.0000000000000000000, -0.0000000000000000000, -1.000000000000000000 ) ) ;
#940 = ORIENTED_EDGE ( 'NONE', *, *, #905, .T. ) ;
#941 = DIRECTION ( 'NONE',  ( 1.000000000000000000, 0.0000000000000000000, 0.0000000000000000000 ) ) ;
#942 = EDGE_CURVE ( 'NONE', #1862, #1449, #2293, .T. ) ;
#943 = DIRECTION ( 'NONE',  ( 1.000000000000000000, 0.0000000000000000000, 0.0000000000000000000 ) ) ;
#944 = VERTEX_POINT ( 'NONE', #1233 ) ;
#945 =( NAMED_UNIT ( * ) PLANE_ANGLE_UNIT ( ) SI_UNIT ( $, .RADIAN. ) );
#946 = EDGE_CURVE ( 'NONE', #488, #1010, #1499, .T. ) ;
#947 = FILL_AREA_STYLE ('',( #1179 ) ) ;
#948 =( LENGTH_UNIT ( ) NAMED_UNIT ( * ) SI_UNIT ( $, .METRE. ) );
#949 = DIRECTION ( 'NONE',  ( -1.000000000000000000, 0.0000000000000000000, 0.0000000000000000000 ) ) ;
#950 = CARTESIAN_POINT ( 'NONE',  ( 0.01968503937007874682, -0.2834645669291337988, -0.3425196850393700809 ) ) ;
#951 = VERTEX_POINT ( 'NONE', #2734 ) ;
#952 = PRESENTATION_STYLE_ASSIGNMENT (( #3125 ) ) ;
#953 = CARTESIAN_POINT ( 'NONE',  ( -0.2165354330708661457, 0.1181102362204724809, -0.5905511811023621549 ) ) ;
#954 = ORIENTED_EDGE ( 'NONE', *, *, #1996, .T. ) ;
#955 = ADVANCED_FACE ( 'NONE', ( #1062 ), #286, .T. ) ;
#956 = EDGE_CURVE ( 'NONE', #2016, #2105, #1321, .T. ) ;
#957 = PRESENTATION_STYLE_ASSIGNMENT (( #3129 ) ) ;
#958 = MECHANICAL_DESIGN_GEOMETRIC_PRESENTATION_REPRESENTATION (  '', ( #1937 ), #2578 ) ;
#959 =( GEOMETRIC_REPRESENTATION_CONTEXT ( 3 ) GLOBAL_UNCERTAINTY_ASSIGNED_CONTEXT ( ( #1250 ) ) GLOBAL_UNIT_ASSIGNED_CONTEXT ( ( #2314, #2044, #1561 ) ) REPRESENTATION_CONTEXT ( 'NONE', 'WORKASPACE' ) );
#960 = ORIENTED_EDGE ( 'NONE', *, *, #1850, .F. ) ;
#961 = CARTESIAN_POINT ( 'NONE',  ( 0.2165354330708661457, -0.2559055118110235560, -0.5511811023622049666 ) ) ;
#962 = CARTESIAN_POINT ( 'NONE',  ( -3.905688928441876613E-15, -0.2598425196850393526, -0.5669291338582725936 ) ) ;
#963 = VECTOR ( 'NONE', #197, 39.37007874015748143 ) ;
#964 = PLANE ( 'NONE',  #1224 ) ;
#965 = VECTOR ( 'NONE', #2364, 39.37007874015748143 ) ;
#966 =( NAMED_UNIT ( * ) PLANE_ANGLE_UNIT ( ) SI_UNIT ( $, .RADIAN. ) );
#967 = ORIENTED_EDGE ( 'NONE', *, *, #1325, .F. ) ;
#968 = STYLED_ITEM ( 'NONE', ( #2473 ), #955 ) ;
#969 = DIRECTION ( 'NONE',  ( 0.0000000000000000000, 1.000000000000000000, 0.0000000000000000000 ) ) ;
#970 = VERTEX_POINT ( 'NONE', #2055 ) ;
#971 =( GEOMETRIC_REPRESENTATION_CONTEXT ( 3 ) GLOBAL_UNCERTAINTY_ASSIGNED_CONTEXT ( ( #715 ) ) GLOBAL_UNIT_ASSIGNED_CONTEXT ( ( #1501, #1994, #1755 ) ) REPRESENTATION_CONTEXT ( 'NONE', 'WORKASPACE' ) );
#972 = DIRECTION ( 'NONE',  ( 0.0000000000000000000, 0.0000000000000000000, 1.000000000000000000 ) ) ;
#973 = EDGE_CURVE ( 'NONE', #488, #2675, #1139, .T. ) ;
#974 = EDGE_CURVE ( 'NONE', #1007, #620, #1735, .T. ) ;
#975 = AXIS2_PLACEMENT_3D ( 'NONE', #1023, #2253, #2205 ) ;
#976 = CIRCLE ( 'NONE', #327, 0.01968503937007875723 ) ;
#977 =( CONVERSION_BASED_UNIT ( 'INCH', #1035 ) LENGTH_UNIT ( ) NAMED_UNIT ( #1238 ) );
#978 = VERTEX_POINT ( 'NONE', #1877 ) ;
#979 = SURFACE_SIDE_STYLE ('',( #789 ) ) ;
#980 =( NAMED_UNIT ( * ) PLANE_ANGLE_UNIT ( ) SI_UNIT ( $, .RADIAN. ) );
#981 = AXIS2_PLACEMENT_3D ( 'NONE', #128, #1363, #1375 ) ;
#982 =( GEOMETRIC_REPRESENTATION_CONTEXT ( 3 ) GLOBAL_UNCERTAINTY_ASSIGNED_CONTEXT ( ( #1570 ) ) GLOBAL_UNIT_ASSIGNED_CONTEXT ( ( #2725, #1297, #2438 ) ) REPRESENTATION_CONTEXT ( 'NONE', 'WORKASPACE' ) );
#983 = ORIENTED_EDGE ( 'NONE', *, *, #2794, .T. ) ;
#984 = FACE_OUTER_BOUND ( 'NONE', #1880, .T. ) ;
#985 =( GEOMETRIC_REPRESENTATION_CONTEXT ( 3 ) GLOBAL_UNCERTAINTY_ASSIGNED_CONTEXT ( ( #995 ) ) GLOBAL_UNIT_ASSIGNED_CONTEXT ( ( #535, #2471, #48 ) ) REPRESENTATION_CONTEXT ( 'NONE', 'WORKASPACE' ) );
#986 = LINE ( 'NONE', #269, #2944 ) ;
#987 = FILL_AREA_STYLE_COLOUR ( '', #223 ) ;
#988 = EDGE_LOOP ( 'NONE', ( #2925, #2954, #1095, #2099, #2733, #2628, #2857 ) ) ;
#989 = DIRECTION ( 'NONE',  ( -9.130123557772670060E-16, 0.0000000000000000000, 1.000000000000000000 ) ) ;
#990 = ORIENTED_EDGE ( 'NONE', *, *, #2166, .F. ) ;
#991 = DIRECTION ( 'NONE',  ( -1.000000000000000000, -9.035018104045881788E-17, 0.0000000000000000000 ) ) ;
#992 = DIRECTION ( 'NONE',  ( 0.0000000000000000000, 0.7071067811865462405, 0.7071067811865486830 ) ) ;
#993 = CARTESIAN_POINT ( 'NONE',  ( -0.06496062992125904711, -0.06496062992125985203, -0.5511811023622047445 ) ) ;
#994 = SURFACE_STYLE_FILL_AREA ( #547 ) ;
#995 = UNCERTAINTY_MEASURE_WITH_UNIT (LENGTH_MEASURE( 1.000000000000000082E-05 ), #535, 'distance_accuracy_value', 'NONE');
#996 = CARTESIAN_POINT ( 'NONE',  ( -0.02559055118110154306, -0.1909448818897638289, -0.5433070866141732624 ) ) ;
#997 = DIMENSIONAL_EXPONENTS ( 1.000000000000000000, 0.0000000000000000000, 0.0000000000000000000, 0.0000000000000000000, 0.0000000000000000000, 0.0000000000000000000, 0.0000000000000000000 ) ;
#998 = ADVANCED_FACE ( 'NONE', ( #1825 ), #1309, .F. ) ;
#999 = EDGE_LOOP ( 'NONE', ( #638, #2084, #909, #2608, #858, #2747 ) ) ;
#1000 = UNCERTAINTY_MEASURE_WITH_UNIT (LENGTH_MEASURE( 1.000000000000000082E-05 ), #906, 'distance_accuracy_value', 'NONE');
#1001 = EDGE_CURVE ( 'NONE', #1980, #1449, #2748, .T. ) ;
#1002 = DIRECTION ( 'NONE',  ( 0.0000000000000000000, 0.0000000000000000000, -1.000000000000000000 ) ) ;
#1003 = CARTESIAN_POINT ( 'NONE',  ( -0.2165354330708661457, 0.2165354330708662289, -0.3425196850393700809 ) ) ;
#1004 = ORIENTED_EDGE ( 'NONE', *, *, #2363, .F. ) ;
#1005 = CARTESIAN_POINT ( 'NONE',  ( 0.0000000000000000000, 0.0000000000000000000, 0.0000000000000000000 ) ) ;
#1006 = CLOSED_SHELL ( 'NONE', ( #2714, #1378, #1830, #1741, #30, #1303, #2145, #2486, #2694, #2304, #2527, #647, #1828, #1811, #1265, #2376, #955, #690 ) ) ;
#1007 = VERTEX_POINT ( 'NONE', #1569 ) ;
#1008 = SURFACE_SIDE_STYLE ('',( #1274 ) ) ;
#1009 =( NAMED_UNIT ( * ) SI_UNIT ( $, .STERADIAN. ) SOLID_ANGLE_UNIT ( ) );
#1010 = VERTEX_POINT ( 'NONE', #3063 ) ;
#1011 = EDGE_CURVE ( 'NONE', #1722, #1267, #1836, .T. ) ;
#1012 = VECTOR ( 'NONE', #2384, 39.37007874015748143 ) ;
#1013 =( NAMED_UNIT ( * ) SI_UNIT ( $, .STERADIAN. ) SOLID_ANGLE_UNIT ( ) );
#1014 = VERTEX_POINT ( 'NONE', #168 ) ;
#1015 = MECHANICAL_DESIGN_GEOMETRIC_PRESENTATION_REPRESENTATION (  '', ( #1318 ), #762 ) ;
#1016 = COLOUR_RGB ( '',0.7529411764705882248, 0.7529411764705882248, 0.7529411764705882248 ) ;
#1017 = DIRECTION ( 'NONE',  ( 0.0000000000000000000, 0.0000000000000000000, -1.000000000000000000 ) ) ;
#1018 =( NAMED_UNIT ( * ) SI_UNIT ( $, .STERADIAN. ) SOLID_ANGLE_UNIT ( ) );
#1019 = MECHANICAL_DESIGN_GEOMETRIC_PRESENTATION_REPRESENTATION (  '', ( #1468 ), #1075 ) ;
#1020 = ORIENTED_EDGE ( 'NONE', *, *, #2416, .F. ) ;
#1021 = CARTESIAN_POINT ( 'NONE',  ( 0.0000000000000000000, 0.0000000000000000000, -0.3818897637795276023 ) ) ;
#1022 = LENGTH_MEASURE_WITH_UNIT ( LENGTH_MEASURE( 0.02539999999999999897 ), #335 );
#1023 = CARTESIAN_POINT ( 'NONE',  ( 0.0000000000000000000, 0.0000000000000000000, -0.3267716535433071168 ) ) ;
#1024 = DIRECTION ( 'NONE',  ( -0.7071067811865465735, 0.7071067811865483499, 0.0000000000000000000 ) ) ;
#1025 = AXIS2_PLACEMENT_3D ( 'NONE', #2232, #1715, #2219 ) ;
#1026 = ORIENTED_EDGE ( 'NONE', *, *, #532, .T. ) ;
#1027 = COLOUR_RGB ( '',0.7529411764705882248, 0.7529411764705882248, 0.7529411764705882248 ) ;
#1028 = UNCERTAINTY_MEASURE_WITH_UNIT (LENGTH_MEASURE( 1.000000000000000082E-05 ), #1185, 'distance_accuracy_value', 'NONE');
#1029 =( LENGTH_UNIT ( ) NAMED_UNIT ( * ) SI_UNIT ( $, .METRE. ) );
#1030 = PLANE ( 'NONE',  #1381 ) ;
#1031 = ORIENTED_EDGE ( 'NONE', *, *, #2679, .F. ) ;
#1032 = EDGE_CURVE ( 'NONE', #1946, #1855, #2779, .T. ) ;
#1033 = CIRCLE ( 'NONE', #2056, 0.06496062992125985203 ) ;
#1034 = MECHANICAL_DESIGN_GEOMETRIC_PRESENTATION_REPRESENTATION (  '', ( #1865 ), #2108 ) ;
#1035 = LENGTH_MEASURE_WITH_UNIT ( LENGTH_MEASURE( 0.02539999999999999897 ), #2168 );
#1036 = FILL_AREA_STYLE_COLOUR ( '', #2257 ) ;
#1037 = EDGE_CURVE ( 'NONE', #1364, #1014, #615, .T. ) ;
#1038 = FILL_AREA_STYLE_COLOUR ( '', #2531 ) ;
#1039 = PRESENTATION_LAYER_ASSIGNMENT (  '', '', ( #1235 ) ) ;
#1040 = AXIS2_PLACEMENT_3D ( 'NONE', #2589, #1867, #1845 ) ;
#1041 = ORIENTED_EDGE ( 'NONE', *, *, #3085, .F. ) ;
#1042 = CARTESIAN_POINT ( 'NONE',  ( 0.2047244094488189503, -0.2598425196850393526, -0.5511811023622049666 ) ) ;
#1043 =( NAMED_UNIT ( * ) PLANE_ANGLE_UNIT ( ) SI_UNIT ( $, .RADIAN. ) );
#1044 = PRESENTATION_STYLE_ASSIGNMENT (( #296 ) ) ;
#1045 = PRESENTATION_STYLE_ASSIGNMENT (( #1275 ) ) ;
#1046 = CARTESIAN_POINT ( 'NONE',  ( 0.2165354330708667563, 0.1181102362204724809, -0.5905511811023624880 ) ) ;
#1047 = ORIENTED_EDGE ( 'NONE', *, *, #824, .F. ) ;
#1048 =( CONVERSION_BASED_UNIT ( 'INCH', #2236 ) LENGTH_UNIT ( ) NAMED_UNIT ( #589 ) );
#1049 = PLANE ( 'NONE',  #1688 ) ;
#1050 = EDGE_LOOP ( 'NONE', ( #1440, #2519 ) ) ;
#1051 = SURFACE_SIDE_STYLE ('',( #2983 ) ) ;
#1052 =( CONVERSION_BASED_UNIT ( 'INCH', #376 ) LENGTH_UNIT ( ) NAMED_UNIT ( #1985 ) );
#1053 = SURFACE_STYLE_FILL_AREA ( #2739 ) ;
#1054 = EDGE_CURVE ( 'NONE', #1403, #82, #386, .T. ) ;
#1055 = VERTEX_POINT ( 'NONE', #136 ) ;
#1056 = FACE_OUTER_BOUND ( 'NONE', #1704, .T. ) ;
#1057 = CARTESIAN_POINT ( 'NONE',  ( 0.2007874015748031815, 0.2165354330708662289, -0.3425196850393700809 ) ) ;
#1058 = CARTESIAN_POINT ( 'NONE',  ( 0.06496062992125845037, -0.07283464566929136186, -0.5393700787401576324 ) ) ;
#1059 = CARTESIAN_POINT ( 'NONE',  ( -0.01968503937007873988, -0.2559055118110235560, -0.3267716535433071168 ) ) ;
#1060 = DIMENSIONAL_EXPONENTS ( 1.000000000000000000, 0.0000000000000000000, 0.0000000000000000000, 0.0000000000000000000, 0.0000000000000000000, 0.0000000000000000000, 0.0000000000000000000 ) ;
#1061 = VERTEX_POINT ( 'NONE', #1111 ) ;
#1062 = FACE_OUTER_BOUND ( 'NONE', #1516, .T. ) ;
#1063 = VECTOR ( 'NONE', #2971, 39.37007874015748143 ) ;
#1064 = UNCERTAINTY_MEASURE_WITH_UNIT (LENGTH_MEASURE( 1.000000000000000082E-05 ), #512, 'distance_accuracy_value', 'NONE');
#1065 = DIRECTION ( 'NONE',  ( 0.0000000000000000000, 0.0000000000000000000, -1.000000000000000000 ) ) ;
#1066 = COLOUR_RGB ( '',0.7529411764705882248, 0.7529411764705882248, 0.7529411764705882248 ) ;
#1067 = ORIENTED_EDGE ( 'NONE', *, *, #2833, .F. ) ;
#1068 =( NAMED_UNIT ( * ) SI_UNIT ( $, .STERADIAN. ) SOLID_ANGLE_UNIT ( ) );
#1069 = AXIS2_PLACEMENT_3D ( 'NONE', #2917, #749, #786 ) ;
#1070 =( LENGTH_UNIT ( ) NAMED_UNIT ( * ) SI_UNIT ( $, .METRE. ) );
#1071 = FACE_OUTER_BOUND ( 'NONE', #3066, .T. ) ;
#1072 = MECHANICAL_DESIGN_GEOMETRIC_PRESENTATION_REPRESENTATION (  '', ( #968 ), #1125 ) ;
#1073 = EDGE_CURVE ( 'NONE', #1835, #620, #2085, .T. ) ;
#1074 = DIRECTION ( 'NONE',  ( 0.0000000000000000000, 0.0000000000000000000, -1.000000000000000000 ) ) ;
#1075 =( GEOMETRIC_REPRESENTATION_CONTEXT ( 3 ) GLOBAL_UNCERTAINTY_ASSIGNED_CONTEXT ( ( #745 ) ) GLOBAL_UNIT_ASSIGNED_CONTEXT ( ( #675, #1146, #466 ) ) REPRESENTATION_CONTEXT ( 'NONE', 'WORKASPACE' ) );
#1076 = SURFACE_STYLE_FILL_AREA ( #1804 ) ;
#1077 =( CONVERSION_BASED_UNIT ( 'INCH', #633 ) LENGTH_UNIT ( ) NAMED_UNIT ( #127 ) );
#1078 = ORIENTED_EDGE ( 'NONE', *, *, #1941, .T. ) ;
#1079 = COLOUR_RGB ( '',0.7529411764705882248, 0.7529411764705882248, 0.7529411764705882248 ) ;
#1080 =( GEOMETRIC_REPRESENTATION_CONTEXT ( 3 ) GLOBAL_UNCERTAINTY_ASSIGNED_CONTEXT ( ( #1993 ) ) GLOBAL_UNIT_ASSIGNED_CONTEXT ( ( #2410, #2844, #705 ) ) REPRESENTATION_CONTEXT ( 'NONE', 'WORKASPACE' ) );
#1081 = FACE_OUTER_BOUND ( 'NONE', #2110, .T. ) ;
#1082 = CARTESIAN_POINT ( 'NONE',  ( -0.02559055118110158469, -0.3116257733778094452, -0.5511811023622047445 ) ) ;
#1083 = ORIENTED_EDGE ( 'NONE', *, *, #2491, .F. ) ;
#1084 = DIMENSIONAL_EXPONENTS ( 1.000000000000000000, 0.0000000000000000000, 0.0000000000000000000, 0.0000000000000000000, 0.0000000000000000000, 0.0000000000000000000, 0.0000000000000000000 ) ;
#1085 = VECTOR ( 'NONE', #2127, 39.37007874015748143 ) ;
#1086 = CIRCLE ( 'NONE', #2854, 0.01968503937007873988 ) ;
#1087 = CARTESIAN_POINT ( 'NONE',  ( 0.0000000000000000000, 0.0000000000000000000, -0.09842519685039372024 ) ) ;
#1088 = CARTESIAN_POINT ( 'NONE',  ( 0.06496062992125845037, -0.07283464566929136186, -0.5511811023622047445 ) ) ;
#1089 = VECTOR ( 'NONE', #1823, 39.37007874015748143 ) ;
#1090 = MECHANICAL_DESIGN_GEOMETRIC_PRESENTATION_REPRESENTATION (  '', ( #387 ), #1872 ) ;
#1091 = PLANE ( 'NONE',  #497 ) ;
#1092 = DIRECTION ( 'NONE',  ( 0.0000000000000000000, 0.0000000000000000000, 1.000000000000000000 ) ) ;
#1093 =( NAMED_UNIT ( * ) PLANE_ANGLE_UNIT ( ) SI_UNIT ( $, .RADIAN. ) );
#1094 = PRESENTATION_STYLE_ASSIGNMENT (( #122 ) ) ;
#1095 = ORIENTED_EDGE ( 'NONE', *, *, #300, .F. ) ;
#1096 = DIRECTION ( 'NONE',  ( 0.0000000000000000000, 0.0000000000000000000, -1.000000000000000000 ) ) ;
#1097 = UNCERTAINTY_MEASURE_WITH_UNIT (LENGTH_MEASURE( 1.000000000000000082E-05 ), #1689, 'distance_accuracy_value', 'NONE');
#1098 = EDGE_CURVE ( 'NONE', #2879, #2507, #1606, .T. ) ;
#1099 = FACE_OUTER_BOUND ( 'NONE', #2255, .T. ) ;
#1100 = ORIENTED_EDGE ( 'NONE', *, *, #946, .F. ) ;
#1101 = EDGE_CURVE ( 'NONE', #315, #1763, #696, .T. ) ;
#1102 = LENGTH_MEASURE_WITH_UNIT ( LENGTH_MEASURE( 0.02539999999999999897 ), #2541 );
#1103 = FILL_AREA_STYLE ('',( #3020 ) ) ;
#1104 =( LENGTH_UNIT ( ) NAMED_UNIT ( * ) SI_UNIT ( $, .METRE. ) );
#1105 = CARTESIAN_POINT ( 'NONE',  ( 0.2007874015748031815, 0.2165354330708662289, -0.3425196850393700809 ) ) ;
#1106 = SURFACE_STYLE_USAGE ( .BOTH. , #2547 ) ;
#1107 =( LENGTH_UNIT ( ) NAMED_UNIT ( * ) SI_UNIT ( $, .METRE. ) );
#1108 = DIRECTION ( 'NONE',  ( 0.0000000000000000000, 0.0000000000000000000, -1.000000000000000000 ) ) ;
#1109 = DIRECTION ( 'NONE',  ( 0.0000000000000000000, 0.0000000000000000000, 1.000000000000000000 ) ) ;
#1110 = ORIENTED_EDGE ( 'NONE', *, *, #2146, .T. ) ;
#1111 = CARTESIAN_POINT ( 'NONE',  ( -0.2007874015748030982, 0.2165354330708662289, -0.4921259842519681849 ) ) ;
#1112 = PLANE ( 'NONE',  #1175 ) ;
#1113 = DIRECTION ( 'NONE',  ( 0.0000000000000000000, 0.0000000000000000000, -1.000000000000000000 ) ) ;
#1114 = ORIENTED_EDGE ( 'NONE', *, *, #1960, .F. ) ;
#1115 = EDGE_CURVE ( 'NONE', #239, #2507, #1665, .T. ) ;
#1116 = DIRECTION ( 'NONE',  ( 1.314184451497603199E-16, 1.000000000000000000, 0.0000000000000000000 ) ) ;
#1117 = ORIENTED_EDGE ( 'NONE', *, *, #455, .F. ) ;
#1118 =( NAMED_UNIT ( * ) SI_UNIT ( $, .STERADIAN. ) SOLID_ANGLE_UNIT ( ) );
#1119 = AXIS2_PLACEMENT_3D ( 'NONE', #116, #1092, #3024 ) ;
#1120 = CARTESIAN_POINT ( 'NONE',  ( 0.2165354330708661457, 0.2165354330708662289, -0.3425196850393700809 ) ) ;
#1121 = SURFACE_STYLE_USAGE ( .BOTH. , #3056 ) ;
#1122 = FILL_AREA_STYLE ('',( #1565 ) ) ;
#1123 = STYLED_ITEM ( 'NONE', ( #2582 ), #998 ) ;
#1124 =( LENGTH_UNIT ( ) NAMED_UNIT ( * ) SI_UNIT ( $, .METRE. ) );
#1125 =( GEOMETRIC_REPRESENTATION_CONTEXT ( 3 ) GLOBAL_UNCERTAINTY_ASSIGNED_CONTEXT ( ( #2238 ) ) GLOBAL_UNIT_ASSIGNED_CONTEXT ( ( #1281, #502, #758 ) ) REPRESENTATION_CONTEXT ( 'NONE', 'WORKASPACE' ) );
#1126 = VERTEX_POINT ( 'NONE', #1890 ) ;
#1127 = PRESENTATION_STYLE_ASSIGNMENT (( #154 ) ) ;
#1128 = ORIENTED_EDGE ( 'NONE', *, *, #2968, .F. ) ;
#1129 = PRESENTATION_LAYER_ASSIGNMENT (  '', '', ( #162 ) ) ;
#1130 = SURFACE_SIDE_STYLE ('',( #173 ) ) ;
#1131 = ORIENTED_EDGE ( 'NONE', *, *, #474, .F. ) ;
#1132 = LENGTH_MEASURE_WITH_UNIT ( LENGTH_MEASURE( 0.02539999999999999897 ), #1379 );
#1133 = VECTOR ( 'NONE', #389, 39.37007874015748854 ) ;
#1134 = EDGE_CURVE ( 'NONE', #540, #788, #1277, .T. ) ;
#1135 = LENGTH_MEASURE_WITH_UNIT ( LENGTH_MEASURE( 0.02539999999999999897 ), #1425 );
#1136 = CARTESIAN_POINT ( 'NONE',  ( 0.02559055118109391722, -0.2480314960629921017, -0.5511811023622047445 ) ) ;
#1137 = AXIS2_PLACEMENT_3D ( 'NONE', #2845, #3130, #2170 ) ;
#1138 = FILL_AREA_STYLE ('',( #2831 ) ) ;
#1139 = LINE ( 'NONE', #2305, #3099 ) ;
#1140 =( NAMED_UNIT ( * ) PLANE_ANGLE_UNIT ( ) SI_UNIT ( $, .RADIAN. ) );
#1141 =( NAMED_UNIT ( * ) SI_UNIT ( $, .STERADIAN. ) SOLID_ANGLE_UNIT ( ) );
#1142 = ORIENTED_EDGE ( 'NONE', *, *, #1913, .F. ) ;
#1143 = EDGE_LOOP ( 'NONE', ( #1285, #202, #3031, #543 ) ) ;
#1144 = LINE ( 'NONE', #444, #965 ) ;
#1145 = FACE_OUTER_BOUND ( 'NONE', #1717, .T. ) ;
#1146 =( NAMED_UNIT ( * ) PLANE_ANGLE_UNIT ( ) SI_UNIT ( $, .RADIAN. ) );
#1147 = EDGE_CURVE ( 'NONE', #1357, #2391, #2499, .T. ) ;
#1148 = FACE_OUTER_BOUND ( 'NONE', #2704, .T. ) ;
#1149 = CARTESIAN_POINT ( 'NONE',  ( 0.2165354330708661457, -0.2559055118110235560, -0.5511811023622046335 ) ) ;
#1150 = FACE_BOUND ( 'NONE', #2642, .T. ) ;
#1151 = LINE ( 'NONE', #1891, #3053 ) ;
#1152 = SURFACE_STYLE_USAGE ( .BOTH. , #487 ) ;
#1153 = VERTEX_POINT ( 'NONE', #1700 ) ;
#1154 = ORIENTED_EDGE ( 'NONE', *, *, #2910, .F. ) ;
#1155 =( LENGTH_UNIT ( ) NAMED_UNIT ( * ) SI_UNIT ( $, .METRE. ) );
#1156 = VECTOR ( 'NONE', #1585, 39.37007874015748143 ) ;
#1157 = AXIS2_PLACEMENT_3D ( 'NONE', #377, #838, #1292 ) ;
#1158 = FILL_AREA_STYLE_COLOUR ( '', #2434 ) ;
#1159 =( NAMED_UNIT ( * ) SI_UNIT ( $, .STERADIAN. ) SOLID_ANGLE_UNIT ( ) );
#1160 = CARTESIAN_POINT ( 'NONE',  ( 0.02559055118109400395, -0.1909448818897638289, -0.5433070866141732624 ) ) ;
#1161 = PRESENTATION_LAYER_ASSIGNMENT (  '', '', ( #2180 ) ) ;
#1162 = PLANE ( 'NONE',  #932 ) ;
#1163 = EDGE_CURVE ( 'NONE', #2723, #2892, #2601, .T. ) ;
#1164 = CARTESIAN_POINT ( 'NONE',  ( 0.2165354330708661457, -0.2559055118110235560, -0.3267716535433071168 ) ) ;
#1165 = FILL_AREA_STYLE_COLOUR ( '', #751 ) ;
#1166 = SURFACE_STYLE_FILL_AREA ( #2369 ) ;
#1167 = PRESENTATION_LAYER_ASSIGNMENT (  '', '', ( #1123 ) ) ;
#1168 = EDGE_CURVE ( 'NONE', #2615, #1690, #976, .T. ) ;
#1169 = CARTESIAN_POINT ( 'NONE',  ( 0.07283464566929134798, 8.919671568592926781E-18, -0.09842519685039372024 ) ) ;
#1170 = ORIENTED_EDGE ( 'NONE', *, *, #1469, .F. ) ;
#1171 = FILL_AREA_STYLE ('',( #1187 ) ) ;
#1172 = CARTESIAN_POINT ( 'NONE',  ( -0.06496062992125904711, -0.06889763779527560694, -0.5511811023622047445 ) ) ;
#1173 = EDGE_LOOP ( 'NONE', ( #400, #451, #1110, #2751 ) ) ;
#1174 = DIRECTION ( 'NONE',  ( 0.0000000000000000000, 0.0000000000000000000, 1.000000000000000000 ) ) ;
#1175 = AXIS2_PLACEMENT_3D ( 'NONE', #369, #2307, #124 ) ;
#1176 = STYLED_ITEM ( 'NONE', ( #2377 ), #2304 ) ;
#1177 = CARTESIAN_POINT ( 'NONE',  ( -0.2007874015748030982, -0.2598425196850393526, -0.5905511811023621549 ) ) ;
#1178 = CARTESIAN_POINT ( 'NONE',  ( -0.07283464566929134798, 8.919671568592926781E-18, -0.01574803149606296415 ) ) ;
#1179 = FILL_AREA_STYLE_COLOUR ( '', #774 ) ;
#1180 = CARTESIAN_POINT ( 'NONE',  ( 0.06496062992125775648, -0.07677165354330711677, -0.5393700787401576324 ) ) ;
#1181 = COLOUR_RGB ( '',0.7529411764705882248, 0.7529411764705882248, 0.7529411764705882248 ) ;
#1182 = SURFACE_STYLE_FILL_AREA ( #1948 ) ;
#1183 = DIRECTION ( 'NONE',  ( 1.000000000000000000, 0.0000000000000000000, 0.0000000000000000000 ) ) ;
#1184 = CIRCLE ( 'NONE', #631, 0.01968503937007873988 ) ;
#1185 =( CONVERSION_BASED_UNIT ( 'INCH', #1371 ) LENGTH_UNIT ( ) NAMED_UNIT ( #1084 ) );
#1186 = ORIENTED_EDGE ( 'NONE', *, *, #2656, .F. ) ;
#1187 = FILL_AREA_STYLE_COLOUR ( '', #2187 ) ;
#1188 = AXIS2_PLACEMENT_3D ( 'NONE', #1764, #991, #1508 ) ;
#1189 = EDGE_CURVE ( 'NONE', #2838, #265, #3145, .T. ) ;
#1190 = ORIENTED_EDGE ( 'NONE', *, *, #1850, .T. ) ;
#1191 = EDGE_CURVE ( 'NONE', #970, #476, #2655, .T. ) ;
#1192 = FACE_OUTER_BOUND ( 'NONE', #1418, .T. ) ;
#1193 =( LENGTH_UNIT ( ) NAMED_UNIT ( * ) SI_UNIT ( $, .METRE. ) );
#1194 = SURFACE_STYLE_USAGE ( .BOTH. , #2260 ) ;
#1195 = VERTEX_POINT ( 'NONE', #1447 ) ;
#1196 = DIRECTION ( 'NONE',  ( 1.000000000000000000, 0.0000000000000000000, 0.0000000000000000000 ) ) ;
#1197 = DIRECTION ( 'NONE',  ( -1.000000000000000000, 1.767249541151369703E-13, 0.0000000000000000000 ) ) ;
#1198 =( LENGTH_UNIT ( ) NAMED_UNIT ( * ) SI_UNIT ( $, .METRE. ) );
#1199 =( CONVERSION_BASED_UNIT ( 'INCH', #2604 ) LENGTH_UNIT ( ) NAMED_UNIT ( #2259 ) );
#1200 =( CONVERSION_BASED_UNIT ( 'INCH', #1667 ) LENGTH_UNIT ( ) NAMED_UNIT ( #2619 ) );
#1201 = ORIENTED_EDGE ( 'NONE', *, *, #2523, .F. ) ;
#1202 = LENGTH_MEASURE_WITH_UNIT ( LENGTH_MEASURE( 0.02539999999999999897 ), #1923 );
#1203 = ORIENTED_EDGE ( 'NONE', *, *, #3113, .T. ) ;
#1204 = ADVANCED_FACE ( 'NONE', ( #449, #1150 ), #2613, .T. ) ;
#1205 =( NAMED_UNIT ( * ) PLANE_ANGLE_UNIT ( ) SI_UNIT ( $, .RADIAN. ) );
#1206 = VECTOR ( 'NONE', #92, 39.37007874015748143 ) ;
#1207 = PRESENTATION_LAYER_ASSIGNMENT (  '', '', ( #3136 ) ) ;
#1208 =( NAMED_UNIT ( * ) SI_UNIT ( $, .STERADIAN. ) SOLID_ANGLE_UNIT ( ) );
#1209 = EDGE_LOOP ( 'NONE', ( #2287, #1752, #983, #533 ) ) ;
#1210 = LINE ( 'NONE', #3089, #1536 ) ;
#1211 = AXIS2_PLACEMENT_3D ( 'NONE', #2468, #297, #791 ) ;
#1212 = CARTESIAN_POINT ( 'NONE',  ( -0.06496062992125904711, -0.07283464566929134798, -0.3267716535433071168 ) ) ;
#1213 = LINE ( 'NONE', #2174, #1750 ) ;
#1214 = ORIENTED_EDGE ( 'NONE', *, *, #195, .T. ) ;
#1215 = CARTESIAN_POINT ( 'NONE',  ( 0.01968503937007875029, -0.3031496062992125040, -0.3425196850393700809 ) ) ;
#1216 = UNCERTAINTY_MEASURE_WITH_UNIT (LENGTH_MEASURE( 1.000000000000000082E-05 ), #1975, 'distance_accuracy_value', 'NONE');
#1217 = CARTESIAN_POINT ( 'NONE',  ( -0.2559055118110235560, -0.2440944881889763884, -0.5708661417322834497 ) ) ;
#1218 = ORIENTED_EDGE ( 'NONE', *, *, #2711, .T. ) ;
#1219 = COLOUR_RGB ( '',0.5019607843137254832, 0.5019607843137254832, 0.5019607843137254832 ) ;
#1220 = AXIS2_PLACEMENT_3D ( 'NONE', #169, #3134, #2895 ) ;
#1221 = FILL_AREA_STYLE ('',( #2214 ) ) ;
#1222 = VECTOR ( 'NONE', #2319, 39.37007874015748143 ) ;
#1223 = EDGE_CURVE ( 'NONE', #2502, #1604, #1210, .T. ) ;
#1224 = AXIS2_PLACEMENT_3D ( 'NONE', #283, #1497, #246 ) ;
#1225 = MECHANICAL_DESIGN_GEOMETRIC_PRESENTATION_REPRESENTATION (  '', ( #2446 ), #982 ) ;
#1226 = ORIENTED_EDGE ( 'NONE', *, *, #784, .F. ) ;
#1227 = FILL_AREA_STYLE_COLOUR ( '', #309 ) ;
#1228 = PRESENTATION_LAYER_ASSIGNMENT (  '', '', ( #2849 ) ) ;
#1229 = EDGE_CURVE ( 'NONE', #366, #3016, #433, .T. ) ;
#1230 = PRESENTATION_LAYER_ASSIGNMENT (  '', '', ( #2252 ) ) ;
#1231 = CYLINDRICAL_SURFACE ( 'NONE', #1025, 0.1633858267716535584 ) ;
#1232 = ORIENTED_EDGE ( 'NONE', *, *, #946, .T. ) ;
#1233 = CARTESIAN_POINT ( 'NONE',  ( -0.2007874015748030982, 0.1181102362204724532, -0.5905511811023621549 ) ) ;
#1234 = SURFACE_SIDE_STYLE ('',( #1520 ) ) ;
#1235 = STYLED_ITEM ( 'NONE', ( #511 ), #2990 ) ;
#1236 = CARTESIAN_POINT ( 'NONE',  ( 0.02559055118109388599, -0.2480314960629921017, -0.5551181102362204856 ) ) ;
#1237 = ORIENTED_EDGE ( 'NONE', *, *, #1719, .T. ) ;
#1238 = DIMENSIONAL_EXPONENTS ( 1.000000000000000000, 0.0000000000000000000, 0.0000000000000000000, 0.0000000000000000000, 0.0000000000000000000, 0.0000000000000000000, 0.0000000000000000000 ) ;
#1239 =( CONVERSION_BASED_UNIT ( 'INCH', #1943 ) LENGTH_UNIT ( ) NAMED_UNIT ( #2023 ) );
#1240 = LINE ( 'NONE', #2080, #1313 ) ;
#1241 = ORIENTED_EDGE ( 'NONE', *, *, #2072, .T. ) ;
#1242 =( NAMED_UNIT ( * ) PLANE_ANGLE_UNIT ( ) SI_UNIT ( $, .RADIAN. ) );
#1243 = EDGE_CURVE ( 'NONE', #143, #488, #2003, .T. ) ;
#1244 = DIRECTION ( 'NONE',  ( 0.0000000000000000000, 0.0000000000000000000, 1.000000000000000000 ) ) ;
#1245 = UNCERTAINTY_MEASURE_WITH_UNIT (LENGTH_MEASURE( 1.000000000000000082E-05 ), #1988, 'distance_accuracy_value', 'NONE');
#1246 = CARTESIAN_POINT ( 'NONE',  ( 0.2007874015748031815, -0.2559055118110235560, -0.5905511811023624880 ) ) ;
#1247 = FILL_AREA_STYLE ('',( #2506 ) ) ;
#1248 = ORIENTED_EDGE ( 'NONE', *, *, #1888, .T. ) ;
#1249 = FILL_AREA_STYLE ('',( #1537 ) ) ;
#1250 = UNCERTAINTY_MEASURE_WITH_UNIT (LENGTH_MEASURE( 1.000000000000000082E-05 ), #2314, 'distance_accuracy_value', 'NONE');
#1251 = CARTESIAN_POINT ( 'NONE',  ( 0.07283464566929134798, 8.919671568592926781E-18, -0.09842519685039372024 ) ) ;
#1252 = EDGE_LOOP ( 'NONE', ( #2352, #1995 ) ) ;
#1253 = DIRECTION ( 'NONE',  ( -1.000000000000000000, 0.0000000000000000000, 0.0000000000000000000 ) ) ;
#1254 = DIRECTION ( 'NONE',  ( 1.000000000000000000, 0.0000000000000000000, 0.0000000000000000000 ) ) ;
#1255 = DIMENSIONAL_EXPONENTS ( 1.000000000000000000, 0.0000000000000000000, 0.0000000000000000000, 0.0000000000000000000, 0.0000000000000000000, 0.0000000000000000000, 0.0000000000000000000 ) ;
#1256 = STYLED_ITEM ( 'NONE', ( #2595 ), #324 ) ;
#1257 = ORIENTED_EDGE ( 'NONE', *, *, #2017, .T. ) ;
#1258 = MECHANICAL_DESIGN_GEOMETRIC_PRESENTATION_REPRESENTATION (  '', ( #1623 ), #2035 ) ;
#1259 = EDGE_CURVE ( 'NONE', #2212, #1357, #513, .T. ) ;
#1260 = EDGE_CURVE ( 'NONE', #1621, #1377, #2957, .T. ) ;
#1261 = CARTESIAN_POINT ( 'NONE',  ( -0.02559055118110159510, -0.2559055118110235560, -0.5472440944881890035 ) ) ;
#1262 = ORIENTED_EDGE ( 'NONE', *, *, #1073, .T. ) ;
#1263 = AXIS2_PLACEMENT_3D ( 'NONE', #2407, #163, #2828 ) ;
#1264 =( GEOMETRIC_REPRESENTATION_CONTEXT ( 3 ) GLOBAL_UNCERTAINTY_ASSIGNED_CONTEXT ( ( #2762 ) ) GLOBAL_UNIT_ASSIGNED_CONTEXT ( ( #2922, #2685, #1009 ) ) REPRESENTATION_CONTEXT ( 'NONE', 'WORKASPACE' ) );
#1265 = ADVANCED_FACE ( 'NONE', ( #2454 ), #1510, .F. ) ;
#1266 =( CONVERSION_BASED_UNIT ( 'INCH', #2931 ) LENGTH_UNIT ( ) NAMED_UNIT ( #2797 ) );
#1267 = VERTEX_POINT ( 'NONE', #2203 ) ;
#1268 = STYLED_ITEM ( 'NONE', ( #1505 ), #763 ) ;
#1269 = STYLED_ITEM ( 'NONE', ( #338 ), #887 ) ;
#1270 = SURFACE_STYLE_USAGE ( .BOTH. , #1051 ) ;
#1271 =( NAMED_UNIT ( * ) PLANE_ANGLE_UNIT ( ) SI_UNIT ( $, .RADIAN. ) );
#1272 = VECTOR ( 'NONE', #907, 39.37007874015748143 ) ;
#1273 = ORIENTED_EDGE ( 'NONE', *, *, #282, .T. ) ;
#1274 = SURFACE_STYLE_FILL_AREA ( #319 ) ;
#1275 = SURFACE_STYLE_USAGE ( .BOTH. , #2713 ) ;
#1276 = VECTOR ( 'NONE', #1428, 39.37007874015748143 ) ;
#1277 = CIRCLE ( 'NONE', #2102, 0.1328740157480316209 ) ;
#1278 = FACE_OUTER_BOUND ( 'NONE', #2258, .T. ) ;
#1279 = CARTESIAN_POINT ( 'NONE',  ( -0.02559055118110156041, -0.1909448818897638289, -0.5511811023622047445 ) ) ;
#1280 = ORIENTED_EDGE ( 'NONE', *, *, #1037, .T. ) ;
#1281 =( CONVERSION_BASED_UNIT ( 'INCH', #2508 ) LENGTH_UNIT ( ) NAMED_UNIT ( #1322 ) );
#1282 = UNCERTAINTY_MEASURE_WITH_UNIT (LENGTH_MEASURE( 1.000000000000000082E-05 ), #1266, 'distance_accuracy_value', 'NONE');
#1283 = CARTESIAN_POINT ( 'NONE',  ( 0.2559055118110236671, -0.2440944881889763884, -0.5511811023622048555 ) ) ;
#1284 = SURFACE_SIDE_STYLE ('',( #2689 ) ) ;
#1285 = ORIENTED_EDGE ( 'NONE', *, *, #2637, .F. ) ;
#1286 = PRESENTATION_LAYER_ASSIGNMENT (  '', '', ( #1865 ) ) ;
#1287 = EDGE_CURVE ( 'NONE', #1392, #2465, #2939, .T. ) ;
#1288 = MECHANICAL_DESIGN_GEOMETRIC_PRESENTATION_REPRESENTATION (  '', ( #2202 ), #1871 ) ;
#1289 = FILL_AREA_STYLE ('',( #1759 ) ) ;
#1290 = CARTESIAN_POINT ( 'NONE',  ( -0.06496062992125904711, -0.06889763779527560694, -0.5511811023622047445 ) ) ;
#1291 = CARTESIAN_POINT ( 'NONE',  ( -0.06496062992125904711, -0.06496062992125985203, -0.3267716535433071168 ) ) ;
#1292 = DIRECTION ( 'NONE',  ( 1.000000000000000000, 0.0000000000000000000, 0.0000000000000000000 ) ) ;
#1293 = COLOUR_RGB ( '',0.7529411764705882248, 0.7529411764705882248, 0.7529411764705882248 ) ;
#1294 = ORIENTED_EDGE ( 'NONE', *, *, #2491, .T. ) ;
#1295 = PLANE ( 'NONE',  #559 ) ;
#1296 = CARTESIAN_POINT ( 'NONE',  ( 0.2165354330708661457, 0.1181102362204724809, -0.5905511811023624880 ) ) ;
#1297 =( NAMED_UNIT ( * ) PLANE_ANGLE_UNIT ( ) SI_UNIT ( $, .RADIAN. ) );
#1298 = ORIENTED_EDGE ( 'NONE', *, *, #1394, .T. ) ;
#1299 = CARTESIAN_POINT ( 'NONE',  ( -0.2165354330708660902, 0.2165354330708662289, -0.5905511811023621549 ) ) ;
#1300 =( CONVERSION_BASED_UNIT ( 'INCH', #850 ) LENGTH_UNIT ( ) NAMED_UNIT ( #1758 ) );
#1301 = DIRECTION ( 'NONE',  ( 9.757819552369599859E-15, 0.0000000000000000000, 1.000000000000000000 ) ) ;
#1302 = ORIENTED_EDGE ( 'NONE', *, *, #1605, .T. ) ;
#1303 = ADVANCED_FACE ( 'NONE', ( #2218 ), #63, .F. ) ;
#1304 = DIRECTION ( 'NONE',  ( 0.0000000000000000000, 0.0000000000000000000, 1.000000000000000000 ) ) ;
#1305 = LINE ( 'NONE', #1057, #245 ) ;
#1306 = FILL_AREA_STYLE_COLOUR ( '', #1027 ) ;
#1307 = LINE ( 'NONE', #2759, #1089 ) ;
#1308 = EDGE_LOOP ( 'NONE', ( #2664, #2647, #1100, #3041, #1359, #1294, #1218, #737 ) ) ;
#1309 = PLANE ( 'NONE',  #2387 ) ;
#1310 = COLOUR_RGB ( '',0.7529411764705882248, 0.7529411764705882248, 0.7529411764705882248 ) ;
#1311 = UNCERTAINTY_MEASURE_WITH_UNIT (LENGTH_MEASURE( 1.000000000000000082E-05 ), #2399, 'distance_accuracy_value', 'NONE');
#1312 = FILL_AREA_STYLE_COLOUR ( '', #1079 ) ;
#1313 = VECTOR ( 'NONE', #868, 39.37007874015748143 ) ;
#1314 = SURFACE_STYLE_FILL_AREA ( #170 ) ;
#1315 = ORIENTED_EDGE ( 'NONE', *, *, #3115, .T. ) ;
#1316 = CARTESIAN_POINT ( 'NONE',  ( 0.2165354330708661457, 0.2165354330708662289, -0.3267716535433071168 ) ) ;
#1317 =( CONVERSION_BASED_UNIT ( 'INCH', #1102 ) LENGTH_UNIT ( ) NAMED_UNIT ( #398 ) );
#1318 = STYLED_ITEM ( 'NONE', ( #603 ), #766 ) ;
#1319 = FACE_BOUND ( 'NONE', #1252, .T. ) ;
#1320 = PRESENTATION_STYLE_ASSIGNMENT (( #3035 ) ) ;
#1321 = CIRCLE ( 'NONE', #2887, 0.01968503937007875723 ) ;
#1322 = DIMENSIONAL_EXPONENTS ( 1.000000000000000000, 0.0000000000000000000, 0.0000000000000000000, 0.0000000000000000000, 0.0000000000000000000, 0.0000000000000000000, 0.0000000000000000000 ) ;
#1323 = FILL_AREA_STYLE_COLOUR ( '', #1587 ) ;
#1324 =( CONVERSION_BASED_UNIT ( 'INCH', #2284 ) LENGTH_UNIT ( ) NAMED_UNIT ( #1829 ) );
#1325 = EDGE_CURVE ( 'NONE', #1855, #1377, #856, .T. ) ;
#1326 = CIRCLE ( 'NONE', #371, 0.01968503937007873988 ) ;
#1327 = CARTESIAN_POINT ( 'NONE',  ( 0.2755905511811023723, -0.2598425196850393526, -0.5511811023622048555 ) ) ;
#1328 = ORIENTED_EDGE ( 'NONE', *, *, #1960, .T. ) ;
#1329 = DIRECTION ( 'NONE',  ( -0.0000000000000000000, -1.000000000000000000, -0.0000000000000000000 ) ) ;
#1330 = AXIS2_PLACEMENT_3D ( 'NONE', #1385, #468, #2816 ) ;
#1331 = ORIENTED_EDGE ( 'NONE', *, *, #2676, .T. ) ;
#1332 =( CONVERSION_BASED_UNIT ( 'INCH', #2361 ) LENGTH_UNIT ( ) NAMED_UNIT ( #2863 ) );
#1333 = VECTOR ( 'NONE', #2924, 39.37007874015748143 ) ;
#1334 = COLOUR_RGB ( '',0.7529411764705882248, 0.7529411764705882248, 0.7529411764705882248 ) ;
#1335 = SURFACE_SIDE_STYLE ('',( #578 ) ) ;
#1336 = CARTESIAN_POINT ( 'NONE',  ( -0.06496062992125904711, -0.06889763779527560694, -0.5472440944881890035 ) ) ;
#1337 = FILL_AREA_STYLE_COLOUR ( '', #1575 ) ;
#1338 = EDGE_CURVE ( 'NONE', #1014, #3111, #218, .T. ) ;
#1339 = SURFACE_SIDE_STYLE ('',( #2069 ) ) ;
#1340 = EDGE_LOOP ( 'NONE', ( #407, #1131 ) ) ;
#1341 = CARTESIAN_POINT ( 'NONE',  ( 0.06496062992125845037, -0.07283464566929136186, -0.5511811023622047445 ) ) ;
#1342 = UNCERTAINTY_MEASURE_WITH_UNIT (LENGTH_MEASURE( 1.000000000000000082E-05 ), #54, 'distance_accuracy_value', 'NONE');
#1343 = FACE_OUTER_BOUND ( 'NONE', #2890, .T. ) ;
#1344 = CARTESIAN_POINT ( 'NONE',  ( 0.0000000000000000000, 0.0000000000000000000, -0.09842519685039372024 ) ) ;
#1345 = ORIENTED_EDGE ( 'NONE', *, *, #1434, .T. ) ;
#1346 = LINE ( 'NONE', #1316, #2603 ) ;
#1347 = SURFACE_SIDE_STYLE ('',( #2558 ) ) ;
#1348 =( NAMED_UNIT ( * ) SI_UNIT ( $, .STERADIAN. ) SOLID_ANGLE_UNIT ( ) );
#1349 = ORIENTED_EDGE ( 'NONE', *, *, #1054, .T. ) ;
#1350 = SURFACE_STYLE_USAGE ( .BOTH. , #1450 ) ;
#1351 = DIRECTION ( 'NONE',  ( -1.000000000000000000, 1.314184451497603199E-16, 9.757819552369514663E-15 ) ) ;
#1352 =( NAMED_UNIT ( * ) PLANE_ANGLE_UNIT ( ) SI_UNIT ( $, .RADIAN. ) );
#1353 =( CONVERSION_BASED_UNIT ( 'INCH', #2083 ) LENGTH_UNIT ( ) NAMED_UNIT ( #77 ) );
#1354 = FILL_AREA_STYLE ('',( #1337 ) ) ;
#1355 = CARTESIAN_POINT ( 'NONE',  ( 0.0000000000000000000, 0.0000000000000000000, -0.3267716535433071168 ) ) ;
#1356 = FILL_AREA_STYLE_COLOUR ( '', #2061 ) ;
#1357 = VERTEX_POINT ( 'NONE', #644 ) ;
#1358 = DIRECTION ( 'NONE',  ( -1.000000000000000000, 0.0000000000000000000, 0.0000000000000000000 ) ) ;
#1359 = ORIENTED_EDGE ( 'NONE', *, *, #3032, .T. ) ;
#1360 =( GEOMETRIC_REPRESENTATION_CONTEXT ( 3 ) GLOBAL_UNCERTAINTY_ASSIGNED_CONTEXT ( ( #1064 ) ) GLOBAL_UNIT_ASSIGNED_CONTEXT ( ( #512, #1043, #495 ) ) REPRESENTATION_CONTEXT ( 'NONE', 'WORKASPACE' ) );
#1361 = EDGE_CURVE ( 'NONE', #293, #126, #115, .T. ) ;
#1362 = AXIS2_PLACEMENT_3D ( 'NONE', #2770, #1778, #347 ) ;
#1363 = DIRECTION ( 'NONE',  ( -0.0000000000000000000, -0.0000000000000000000, -1.000000000000000000 ) ) ;
#1364 = VERTEX_POINT ( 'NONE', #629 ) ;
#1365 = DIRECTION ( 'NONE',  ( -0.0000000000000000000, -0.0000000000000000000, -1.000000000000000000 ) ) ;
#1366 =( GEOMETRIC_REPRESENTATION_CONTEXT ( 3 ) GLOBAL_UNCERTAINTY_ASSIGNED_CONTEXT ( ( #521 ) ) GLOBAL_UNIT_ASSIGNED_CONTEXT ( ( #914, #2138, #3081 ) ) REPRESENTATION_CONTEXT ( 'NONE', 'WORKASPACE' ) );
#1367 = CARTESIAN_POINT ( 'NONE',  ( 0.01968503937007874682, -0.2834645669291337988, -0.3267716535433071168 ) ) ;
#1368 = STYLED_ITEM ( 'NONE', ( #952 ), #847 ) ;
#1369 = CARTESIAN_POINT ( 'NONE',  ( 0.2165354330708661457, -0.2559055118110235560, -0.3425196850393700809 ) ) ;
#1370 = AXIS2_PLACEMENT_3D ( 'NONE', #1586, #1074, #2048 ) ;
#1371 = LENGTH_MEASURE_WITH_UNIT ( LENGTH_MEASURE( 0.02539999999999999897 ), #1417 );
#1372 = ORIENTED_EDGE ( 'NONE', *, *, #2076, .T. ) ;
#1373 = VECTOR ( 'NONE', #1183, 39.37007874015748143 ) ;
#1374 = PRESENTATION_STYLE_ASSIGNMENT (( #2808 ) ) ;
#1375 = DIRECTION ( 'NONE',  ( 1.000000000000000000, 0.0000000000000000000, 0.0000000000000000000 ) ) ;
#1376 = SURFACE_STYLE_USAGE ( .BOTH. , #1626 ) ;
#1377 = VERTEX_POINT ( 'NONE', #2283 ) ;
#1378 = ADVANCED_FACE ( 'NONE', ( #591 ), #890, .F. ) ;
#1379 =( LENGTH_UNIT ( ) NAMED_UNIT ( * ) SI_UNIT ( $, .METRE. ) );
#1380 = MECHANICAL_DESIGN_GEOMETRIC_PRESENTATION_REPRESENTATION (  '', ( #2543 ), #510 ) ;
#1381 = AXIS2_PLACEMENT_3D ( 'NONE', #1003, #2945, #1791 ) ;
#1382 = FILL_AREA_STYLE ('',( #1650 ) ) ;
#1383 = CARTESIAN_POINT ( 'NONE',  ( 0.1633858267716535584, 0.0000000000000000000, -0.3267716535433071168 ) ) ;
#1384 = COLOUR_RGB ( '',0.7529411764705882248, 0.7529411764705882248, 0.7529411764705882248 ) ;
#1385 = CARTESIAN_POINT ( 'NONE',  ( 0.0000000000000000000, 0.0000000000000000000, -0.3425196850393700809 ) ) ;
#1386 = DIRECTION ( 'NONE',  ( -1.000000000000000000, 1.767249541151369703E-13, 0.0000000000000000000 ) ) ;
#1387 = LENGTH_MEASURE_WITH_UNIT ( LENGTH_MEASURE( 0.02539999999999999897 ), #1198 );
#1388 = CARTESIAN_POINT ( 'NONE',  ( -0.1328740157480315098, 1.627237380756817678E-17, -0.3267716535433071168 ) ) ;
#1389 = ORIENTED_EDGE ( 'NONE', *, *, #2587, .T. ) ;
#1390 = DIRECTION ( 'NONE',  ( 0.0000000000000000000, 0.0000000000000000000, 1.000000000000000000 ) ) ;
#1391 = FILL_AREA_STYLE ('',( #987 ) ) ;
#1392 = VERTEX_POINT ( 'NONE', #1603 ) ;
#1393 = CARTESIAN_POINT ( 'NONE',  ( 0.0000000000000000000, 0.0000000000000000000, -0.3267716535433071168 ) ) ;
#1394 = EDGE_CURVE ( 'NONE', #2212, #1711, #768, .T. ) ;
#1395 = SURFACE_SIDE_STYLE ('',( #1661 ) ) ;
#1396 = EDGE_CURVE ( 'NONE', #1734, #2966, #2564, .T. ) ;
#1397 = DIMENSIONAL_EXPONENTS ( 1.000000000000000000, 0.0000000000000000000, 0.0000000000000000000, 0.0000000000000000000, 0.0000000000000000000, 0.0000000000000000000, 0.0000000000000000000 ) ;
#1398 = FACE_OUTER_BOUND ( 'NONE', #1655, .T. ) ;
#1399 = LINE ( 'NONE', #2006, #913 ) ;
#1400 = UNCERTAINTY_MEASURE_WITH_UNIT (LENGTH_MEASURE( 1.000000000000000082E-05 ), #1635, 'distance_accuracy_value', 'NONE');
#1401 = SURFACE_STYLE_FILL_AREA ( #2583 ) ;
#1402 = LINE ( 'NONE', #2371, #2405 ) ;
#1403 = VERTEX_POINT ( 'NONE', #1058 ) ;
#1404 = CARTESIAN_POINT ( 'NONE',  ( 0.2165354330708673392, 0.2165354330708662289, -0.5905511811023624880 ) ) ;
#1405 = STYLED_ITEM ( 'NONE', ( #695 ), #17 ) ;
#1406 = SURFACE_STYLE_USAGE ( .BOTH. , #1421 ) ;
#1407 = ORIENTED_EDGE ( 'NONE', *, *, #1469, .T. ) ;
#1408 = SURFACE_STYLE_USAGE ( .BOTH. , #1647 ) ;
#1409 = AXIS2_PLACEMENT_3D ( 'NONE', #1021, #2268, #2329 ) ;
#1410 = TOROIDAL_SURFACE ( 'NONE', #1362, 0.1437007874015747977, 0.01968503937007873988 ) ;
#1411 = SURFACE_STYLE_USAGE ( .BOTH. , #1660 ) ;
#1412 = DIRECTION ( 'NONE',  ( 0.0000000000000000000, 0.0000000000000000000, 1.000000000000000000 ) ) ;
#1413 = MECHANICAL_DESIGN_GEOMETRIC_PRESENTATION_REPRESENTATION (  '', ( #1682 ), #2992 ) ;
#1414 = ADVANCED_FACE ( 'NONE', ( #2814, #2034 ), #1564, .T. ) ;
#1415 = DIRECTION ( 'NONE',  ( 0.0000000000000000000, -1.000000000000000000, 0.0000000000000000000 ) ) ;
#1416 = COLOUR_RGB ( '',0.7529411764705882248, 0.7529411764705882248, 0.7529411764705882248 ) ;
#1417 =( LENGTH_UNIT ( ) NAMED_UNIT ( * ) SI_UNIT ( $, .METRE. ) );
#1418 = EDGE_LOOP ( 'NONE', ( #461, #171, #967, #2805, #2617, #174, #2590 ) ) ;
#1419 = CYLINDRICAL_SURFACE ( 'NONE', #611, 0.1633858267716535584 ) ;
#1420 = CIRCLE ( 'NONE', #5, 0.1328740157480316209 ) ;
#1421 = SURFACE_SIDE_STYLE ('',( #462 ) ) ;
#1422 = ORIENTED_EDGE ( 'NONE', *, *, #417, .T. ) ;
#1423 = MECHANICAL_DESIGN_GEOMETRIC_PRESENTATION_REPRESENTATION (  '', ( #2495 ), #373 ) ;
#1424 = VECTOR ( 'NONE', #2703, 39.37007874015748143 ) ;
#1425 =( LENGTH_UNIT ( ) NAMED_UNIT ( * ) SI_UNIT ( $, .METRE. ) );
#1426 =( NAMED_UNIT ( * ) PLANE_ANGLE_UNIT ( ) SI_UNIT ( $, .RADIAN. ) );
#1427 = AXIS2_PLACEMENT_3D ( 'NONE', #1087, #3019, #2607 ) ;
#1428 = DIRECTION ( 'NONE',  ( 0.0000000000000000000, 0.0000000000000000000, 1.000000000000000000 ) ) ;
#1429 = DIRECTION ( 'NONE',  ( -1.000000000000000000, 0.0000000000000000000, 0.0000000000000000000 ) ) ;
#1430 = CIRCLE ( 'NONE', #2649, 0.1328740157480315098 ) ;
#1431 = FILL_AREA_STYLE ('',( #1165 ) ) ;
#1432 =( NAMED_UNIT ( * ) PLANE_ANGLE_UNIT ( ) SI_UNIT ( $, .RADIAN. ) );
#1433 = UNCERTAINTY_MEASURE_WITH_UNIT (LENGTH_MEASURE( 1.000000000000000082E-05 ), #263, 'distance_accuracy_value', 'NONE');
#1434 = EDGE_CURVE ( 'NONE', #1010, #2224, #446, .T. ) ;
#1435 = PLANE ( 'NONE',  #2955 ) ;
#1436 = ORIENTED_EDGE ( 'NONE', *, *, #240, .F. ) ;
#1437 = AXIS2_PLACEMENT_3D ( 'NONE', #430, #1680, #1429 ) ;
#1438 = UNCERTAINTY_MEASURE_WITH_UNIT (LENGTH_MEASURE( 1.000000000000000082E-05 ), #2153, 'distance_accuracy_value', 'NONE');
#1439 = DIRECTION ( 'NONE',  ( 1.000000000000000000, 0.0000000000000000000, 0.0000000000000000000 ) ) ;
#1440 = ORIENTED_EDGE ( 'NONE', *, *, #1605, .F. ) ;
#1441 = FILL_AREA_STYLE ('',( #2680 ) ) ;
#1442 = CYLINDRICAL_SURFACE ( 'NONE', #1674, 0.01968503937007873988 ) ;
#1443 = DIRECTION ( 'NONE',  ( -0.7071067811865484609, -0.7071067811865466846, 0.0000000000000000000 ) ) ;
#1444 = EDGE_LOOP ( 'NONE', ( #565, #236 ) ) ;
#1445 = DIRECTION ( 'NONE',  ( 0.0000000000000000000, 0.0000000000000000000, 1.000000000000000000 ) ) ;
#1446 = DIRECTION ( 'NONE',  ( 1.000000000000000000, -1.767249541151369703E-13, 0.0000000000000000000 ) ) ;
#1447 = CARTESIAN_POINT ( 'NONE',  ( 0.1633858267716535584, 0.0000000000000000000, -0.3425196850393700809 ) ) ;
#1448 = CARTESIAN_POINT ( 'NONE',  ( 0.1328740157480316209, 0.0000000000000000000, -0.3818897637795276023 ) ) ;
#1449 = VERTEX_POINT ( 'NONE', #1178 ) ;
#1450 = SURFACE_SIDE_STYLE ('',( #1611 ) ) ;
#1451 = PRESENTATION_STYLE_ASSIGNMENT (( #1406 ) ) ;
#1452 = ORIENTED_EDGE ( 'NONE', *, *, #455, .T. ) ;
#1453 = EDGE_CURVE ( 'NONE', #2885, #3095, #1929, .T. ) ;
#1454 = MANIFOLD_SOLID_BREP ( 'Extrude12', #354 ) ;
#1455 =( LENGTH_UNIT ( ) NAMED_UNIT ( * ) SI_UNIT ( $, .METRE. ) );
#1456 =( GEOMETRIC_REPRESENTATION_CONTEXT ( 3 ) GLOBAL_UNCERTAINTY_ASSIGNED_CONTEXT ( ( #339 ) ) GLOBAL_UNIT_ASSIGNED_CONTEXT ( ( #2792, #1352, #1820 ) ) REPRESENTATION_CONTEXT ( 'NONE', 'WORKASPACE' ) );
#1457 = EDGE_LOOP ( 'NONE', ( #1528, #325 ) ) ;
#1458 = CARTESIAN_POINT ( 'NONE',  ( 0.0000000000000000000, 0.0000000000000000000, -0.3818897637795276023 ) ) ;
#1459 = MECHANICAL_DESIGN_GEOMETRIC_PRESENTATION_REPRESENTATION (  '', ( #2933 ), #2678 ) ;
#1460 = CARTESIAN_POINT ( 'NONE',  ( -0.01968503937007873988, -0.2559055118110235560, -0.3425196850393700809 ) ) ;
#1461 = PRESENTATION_LAYER_ASSIGNMENT (  '', '', ( #1318 ) ) ;
#1462 = VERTEX_POINT ( 'NONE', #1160 ) ;
#1463 = SURFACE_SIDE_STYLE ('',( #2273 ) ) ;
#1464 = MECHANICAL_DESIGN_GEOMETRIC_PRESENTATION_REPRESENTATION (  '', ( #1368 ), #318 ) ;
#1465 = UNCERTAINTY_MEASURE_WITH_UNIT (LENGTH_MEASURE( 1.000000000000000082E-05 ), #2719, 'distance_accuracy_value', 'NONE');
#1466 = LINE ( 'NONE', #1737, #828 ) ;
#1467 = ORIENTED_EDGE ( 'NONE', *, *, #1996, .F. ) ;
#1468 = STYLED_ITEM ( 'NONE', ( #454 ), #1454 ) ;
#1469 = EDGE_CURVE ( 'NONE', #1462, #2472, #3103, .T. ) ;
#1470 = SURFACE_STYLE_USAGE ( .BOTH. , #2663 ) ;
#1471 = AXIS2_PLACEMENT_3D ( 'NONE', #287, #71, #523 ) ;
#1472 =( LENGTH_UNIT ( ) NAMED_UNIT ( * ) SI_UNIT ( $, .METRE. ) );
#1473 = DIMENSIONAL_EXPONENTS ( 1.000000000000000000, 0.0000000000000000000, 0.0000000000000000000, 0.0000000000000000000, 0.0000000000000000000, 0.0000000000000000000, 0.0000000000000000000 ) ;
#1474 = VECTOR ( 'NONE', #2388, 39.37007874015748143 ) ;
#1475 = VECTOR ( 'NONE', #1683, 39.37007874015748143 ) ;
#1476 = EDGE_LOOP ( 'NONE', ( #1725, #3135 ) ) ;
#1477 = CARTESIAN_POINT ( 'NONE',  ( 0.06496062992125845037, -0.07283464566929136186, -0.3267716535433071168 ) ) ;
#1478 = CARTESIAN_POINT ( 'NONE',  ( 0.2755905511811023723, -0.2440944881889763884, -0.5511811023622048555 ) ) ;
#1479 = COLOUR_RGB ( '',0.7529411764705882248, 0.7529411764705882248, 0.7529411764705882248 ) ;
#1480 =( GEOMETRIC_REPRESENTATION_CONTEXT ( 3 ) GLOBAL_UNCERTAINTY_ASSIGNED_CONTEXT ( ( #238 ) ) GLOBAL_UNIT_ASSIGNED_CONTEXT ( ( #2537, #2120, #2764 ) ) REPRESENTATION_CONTEXT ( 'NONE', 'WORKASPACE' ) );
#1481 = SURFACE_STYLE_FILL_AREA ( #515 ) ;
#1482 = ORIENTED_EDGE ( 'NONE', *, *, #506, .T. ) ;
#1483 = CIRCLE ( 'NONE', #119, 0.1328740157480315098 ) ;
#1484 = MECHANICAL_DESIGN_GEOMETRIC_PRESENTATION_REPRESENTATION (  '', ( #11 ), #1817 ) ;
#1485 = DIRECTION ( 'NONE',  ( 0.0000000000000000000, 0.0000000000000000000, -1.000000000000000000 ) ) ;
#1486 = ORIENTED_EDGE ( 'NONE', *, *, #137, .F. ) ;
#1487 = CYLINDRICAL_SURFACE ( 'NONE', #1545, 0.06496062992125985203 ) ;
#1488 = PRESENTATION_STYLE_ASSIGNMENT (( #1470 ) ) ;
#1489 = DIRECTION ( 'NONE',  ( 1.000000000000000000, 0.0000000000000000000, 9.130123557772670060E-16 ) ) ;
#1490 = EDGE_CURVE ( 'NONE', #1568, #1392, #2348, .T. ) ;
#1491 = ORIENTED_EDGE ( 'NONE', *, *, #2467, .T. ) ;
#1492 = LINE ( 'NONE', #2249, #3013 ) ;
#1493 = SURFACE_SIDE_STYLE ('',( #2217 ) ) ;
#1494 = APPLICATION_CONTEXT ( 'automotive_design' ) ;
#1495 = CARTESIAN_POINT ( 'NONE',  ( 0.2007874015748031815, 0.2165354330708662289, -0.5905511811023624880 ) ) ;
#1496 = EDGE_CURVE ( 'NONE', #239, #2191, #2596, .T. ) ;
#1497 = DIRECTION ( 'NONE',  ( 0.0000000000000000000, -1.000000000000000000, 0.0000000000000000000 ) ) ;
#1498 = ORIENTED_EDGE ( 'NONE', *, *, #1944, .F. ) ;
#1499 = LINE ( 'NONE', #812, #3048 ) ;
#1500 = UNCERTAINTY_MEASURE_WITH_UNIT (LENGTH_MEASURE( 1.000000000000000082E-05 ), #2115, 'distance_accuracy_value', 'NONE');
#1501 =( CONVERSION_BASED_UNIT ( 'INCH', #2492 ) LENGTH_UNIT ( ) NAMED_UNIT ( #2667 ) );
#1502 = FILL_AREA_STYLE ('',( #288 ) ) ;
#1503 = ORIENTED_EDGE ( 'NONE', *, *, #1001, .F. ) ;
#1504 = CARTESIAN_POINT ( 'NONE',  ( -0.2007874015748030982, 0.2165354330708662289, -0.5905511811023621549 ) ) ;
#1505 = PRESENTATION_STYLE_ASSIGNMENT (( #542 ) ) ;
#1506 = SURFACE_STYLE_FILL_AREA ( #1710 ) ;
#1507 = ORIENTED_EDGE ( 'NONE', *, *, #727, .T. ) ;
#1508 = DIRECTION ( 'NONE',  ( 9.035018104045881788E-17, -1.000000000000000000, 0.0000000000000000000 ) ) ;
#1509 = PRESENTATION_STYLE_ASSIGNMENT (( #1989 ) ) ;
#1510 = CYLINDRICAL_SURFACE ( 'NONE', #2151, 0.003937007874015724558 ) ;
#1511 = LINE ( 'NONE', #320, #1896 ) ;
#1512 = COLOUR_RGB ( '',0.7529411764705882248, 0.7529411764705882248, 0.7529411764705882248 ) ;
#1513 = DIRECTION ( 'NONE',  ( 0.0000000000000000000, 0.0000000000000000000, 1.000000000000000000 ) ) ;
#1514 = ADVANCED_FACE ( 'NONE', ( #694, #2375 ), #1881, .F. ) ;
#1515 = SURFACE_STYLE_FILL_AREA ( #2686 ) ;
#1516 = EDGE_LOOP ( 'NONE', ( #2340, #2060, #1696, #68 ) ) ;
#1517 = MECHANICAL_DESIGN_GEOMETRIC_PRESENTATION_REPRESENTATION (  '', ( #2288 ), #1264 ) ;
#1518 = DIRECTION ( 'NONE',  ( 1.000000000000000000, 0.0000000000000000000, 0.0000000000000000000 ) ) ;
#1519 =( GEOMETRIC_REPRESENTATION_CONTEXT ( 3 ) GLOBAL_UNCERTAINTY_ASSIGNED_CONTEXT ( ( #2997 ) ) GLOBAL_UNIT_ASSIGNED_CONTEXT ( ( #1052, #330, #2079 ) ) REPRESENTATION_CONTEXT ( 'NONE', 'WORKASPACE' ) );
#1520 = SURFACE_STYLE_FILL_AREA ( #2707 ) ;
#1521 = ORIENTED_EDGE ( 'NONE', *, *, #671, .F. ) ;
#1522 = MECHANICAL_DESIGN_GEOMETRIC_PRESENTATION_REPRESENTATION (  '', ( #1123 ), #208 ) ;
#1523 = DIMENSIONAL_EXPONENTS ( 1.000000000000000000, 0.0000000000000000000, 0.0000000000000000000, 0.0000000000000000000, 0.0000000000000000000, 0.0000000000000000000, 0.0000000000000000000 ) ;
#1524 = SURFACE_SIDE_STYLE ('',( #3000 ) ) ;
#1525 =( CONVERSION_BASED_UNIT ( 'INCH', #1959 ) LENGTH_UNIT ( ) NAMED_UNIT ( #903 ) );
#1526 =( CONVERSION_BASED_UNIT ( 'INCH', #2064 ) LENGTH_UNIT ( ) NAMED_UNIT ( #507 ) );
#1527 = COLOUR_RGB ( '',0.7529411764705882248, 0.7529411764705882248, 0.7529411764705882248 ) ;
#1528 = ORIENTED_EDGE ( 'NONE', *, *, #942, .T. ) ;
#1529 = CARTESIAN_POINT ( 'NONE',  ( 0.2165354330708661457, -0.2559055118110235560, -0.3267716535433071168 ) ) ;
#1530 = SURFACE_STYLE_FILL_AREA ( #2230 ) ;
#1531 =( GEOMETRIC_REPRESENTATION_CONTEXT ( 3 ) GLOBAL_UNCERTAINTY_ASSIGNED_CONTEXT ( ( #1028 ) ) GLOBAL_UNIT_ASSIGNED_CONTEXT ( ( #1185, #1140, #2959 ) ) REPRESENTATION_CONTEXT ( 'NONE', 'WORKASPACE' ) );
#1532 = DIRECTION ( 'NONE',  ( 0.0000000000000000000, 0.0000000000000000000, 1.000000000000000000 ) ) ;
#1533 = FACE_OUTER_BOUND ( 'NONE', #999, .T. ) ;
#1534 = MECHANICAL_DESIGN_GEOMETRIC_PRESENTATION_REPRESENTATION (  '', ( #472 ), #3058 ) ;
#1535 = ORIENTED_EDGE ( 'NONE', *, *, #1011, .F. ) ;
#1536 = VECTOR ( 'NONE', #708, 39.37007874015748143 ) ;
#1537 = FILL_AREA_STYLE_COLOUR ( '', #1416 ) ;
#1538 = EDGE_CURVE ( 'NONE', #2372, #353, #1326, .T. ) ;
#1539 = EDGE_CURVE ( 'NONE', #3062, #1906, #1420, .T. ) ;
#1540 = UNCERTAINTY_MEASURE_WITH_UNIT (LENGTH_MEASURE( 1.000000000000000082E-05 ), #2094, 'distance_accuracy_value', 'NONE');
#1541 = CARTESIAN_POINT ( 'NONE',  ( 0.01968503937007873988, -0.2559055118110235560, -0.3425196850393700809 ) ) ;
#1542 = FACE_OUTER_BOUND ( 'NONE', #2941, .T. ) ;
#1543 = ORIENTED_EDGE ( 'NONE', *, *, #1738, .F. ) ;
#1544 = AXIS2_PLACEMENT_3D ( 'NONE', #3087, #1653, #3121 ) ;
#1545 = AXIS2_PLACEMENT_3D ( 'NONE', #1998, #1017, #344 ) ;
#1546 = FACE_OUTER_BOUND ( 'NONE', #2810, .T. ) ;
#1547 = CYLINDRICAL_SURFACE ( 'NONE', #2204, 0.07283464566929134798 ) ;
#1548 = DIRECTION ( 'NONE',  ( 0.0000000000000000000, 0.0000000000000000000, 1.000000000000000000 ) ) ;
#1549 = ORIENTED_EDGE ( 'NONE', *, *, #1562, .F. ) ;
#1550 =( NAMED_UNIT ( * ) SI_UNIT ( $, .STERADIAN. ) SOLID_ANGLE_UNIT ( ) );
#1551 = SURFACE_STYLE_USAGE ( .BOTH. , #1335 ) ;
#1552 = LENGTH_MEASURE_WITH_UNIT ( LENGTH_MEASURE( 0.02539999999999999897 ), #1124 );
#1553 = CARTESIAN_POINT ( 'NONE',  ( 0.01968503937007874682, -0.2834645669291337988, -0.3425196850393700809 ) ) ;
#1554 = ORIENTED_EDGE ( 'NONE', *, *, #443, .F. ) ;
#1555 = FILL_AREA_STYLE_COLOUR ( '', #1016 ) ;
#1556 = CARTESIAN_POINT ( 'NONE',  ( -0.2007874015748030982, 0.1673228346456691606, -0.5413385826771652809 ) ) ;
#1557 = ORIENTED_EDGE ( 'NONE', *, *, #1907, .T. ) ;
#1558 =( NAMED_UNIT ( * ) SI_UNIT ( $, .STERADIAN. ) SOLID_ANGLE_UNIT ( ) );
#1559 = FACE_BOUND ( 'NONE', #1050, .T. ) ;
#1560 = EDGE_CURVE ( 'NONE', #3016, #1734, #1346, .T. ) ;
#1561 =( NAMED_UNIT ( * ) SI_UNIT ( $, .STERADIAN. ) SOLID_ANGLE_UNIT ( ) );
#1562 = EDGE_CURVE ( 'NONE', #2502, #1939, #1818, .T. ) ;
#1563 = CARTESIAN_POINT ( 'NONE',  ( 0.02559055118109391722, -0.2519685039370078705, -0.5551181102362204856 ) ) ;
#1564 = PLANE ( 'NONE',  #2045 ) ;
#1565 = FILL_AREA_STYLE_COLOUR ( '', #1841 ) ;
#1566 = DIRECTION ( 'NONE',  ( -1.000000000000000000, 0.0000000000000000000, 0.0000000000000000000 ) ) ;
#1567 = DIMENSIONAL_EXPONENTS ( 1.000000000000000000, 0.0000000000000000000, 0.0000000000000000000, 0.0000000000000000000, 0.0000000000000000000, 0.0000000000000000000, 0.0000000000000000000 ) ;
#1568 = VERTEX_POINT ( 'NONE', #1864 ) ;
#1569 = CARTESIAN_POINT ( 'NONE',  ( 0.1328740157480315098, 0.0000000000000000000, -0.01574803149606299191 ) ) ;
#1570 = UNCERTAINTY_MEASURE_WITH_UNIT (LENGTH_MEASURE( 1.000000000000000082E-05 ), #2725, 'distance_accuracy_value', 'NONE');
#1571 = PRESENTATION_STYLE_ASSIGNMENT (( #403 ) ) ;
#1572 = MECHANICAL_DESIGN_GEOMETRIC_PRESENTATION_REPRESENTATION (  '', ( #1256 ), #2382 ) ;
#1573 =( NAMED_UNIT ( * ) PLANE_ANGLE_UNIT ( ) SI_UNIT ( $, .RADIAN. ) );
#1574 = ORIENTED_EDGE ( 'NONE', *, *, #1490, .F. ) ;
#1575 = COLOUR_RGB ( '',0.7529411764705882248, 0.7529411764705882248, 0.7529411764705882248 ) ;
#1576 = CARTESIAN_POINT ( 'NONE',  ( -0.02559055118110156041, -0.3116257733778094452, -0.5433070866141732624 ) ) ;
#1577 = CARTESIAN_POINT ( 'NONE',  ( 0.06496062992125845037, -0.07677165354330711677, -0.5393700787401576324 ) ) ;
#1578 = PRESENTATION_STYLE_ASSIGNMENT (( #1376 ) ) ;
#1579 =( GEOMETRIC_REPRESENTATION_CONTEXT ( 3 ) GLOBAL_UNCERTAINTY_ASSIGNED_CONTEXT ( ( #553 ) ) GLOBAL_UNIT_ASSIGNED_CONTEXT ( ( #292, #509, #1999 ) ) REPRESENTATION_CONTEXT ( 'NONE', 'WORKASPACE' ) );
#1580 = CARTESIAN_POINT ( 'NONE',  ( 0.2165354330708661457, 0.2165354330708662289, -0.5511811023622049666 ) ) ;
#1581 = CARTESIAN_POINT ( 'NONE',  ( -0.2755905511811023167, -0.2440944881889763884, -0.5511811023622046335 ) ) ;
#1582 = EDGE_CURVE ( 'NONE', #2817, #3016, #2540, .T. ) ;
#1583 = EDGE_CURVE ( 'NONE', #978, #970, #2296, .T. ) ;
#1584 = CARTESIAN_POINT ( 'NONE',  ( -0.2047244094488188948, -0.2559055118110235560, -0.5905511811023621549 ) ) ;
#1585 = DIRECTION ( 'NONE',  ( 0.0000000000000000000, 1.000000000000000000, 0.0000000000000000000 ) ) ;
#1586 = CARTESIAN_POINT ( 'NONE',  ( 0.0000000000000000000, 0.0000000000000000000, -0.09842519685039372024 ) ) ;
#1587 = COLOUR_RGB ( '',1.000000000000000000, 1.000000000000000000, 0.3607843137254901911 ) ;
#1588 = LINE ( 'NONE', #563, #2050 ) ;
#1589 =( NAMED_UNIT ( * ) PLANE_ANGLE_UNIT ( ) SI_UNIT ( $, .RADIAN. ) );
#1590 = ORIENTED_EDGE ( 'NONE', *, *, #490, .T. ) ;
#1591 = CARTESIAN_POINT ( 'NONE',  ( 0.06496062992125983815, -0.06496062992125985203, -0.5472440944881890035 ) ) ;
#1592 = STYLED_ITEM ( 'NONE', ( #664 ), #1830 ) ;
#1593 = AXIS2_PLACEMENT_3D ( 'NONE', #261, #2470, #548 ) ;
#1594 = AXIS2_PLACEMENT_3D ( 'NONE', #993, #1714, #2516 ) ;
#1595 = ORIENTED_EDGE ( 'NONE', *, *, #2280, .F. ) ;
#1596 =( GEOMETRIC_REPRESENTATION_CONTEXT ( 3 ) GLOBAL_UNCERTAINTY_ASSIGNED_CONTEXT ( ( #1465 ) ) GLOBAL_UNIT_ASSIGNED_CONTEXT ( ( #2719, #2243, #2513 ) ) REPRESENTATION_CONTEXT ( 'NONE', 'WORKASPACE' ) );
#1597 = PRESENTATION_STYLE_ASSIGNMENT (( #2310 ) ) ;
#1598 = VECTOR ( 'NONE', #436, 39.37007874015748143 ) ;
#1599 = LINE ( 'NONE', #2360, #520 ) ;
#1600 = SURFACE_STYLE_USAGE ( .BOTH. , #624 ) ;
#1601 = DIRECTION ( 'NONE',  ( 0.0000000000000000000, 0.0000000000000000000, -1.000000000000000000 ) ) ;
#1602 = ADVANCED_FACE ( 'NONE', ( #374 ), #2588, .F. ) ;
#1603 = CARTESIAN_POINT ( 'NONE',  ( 0.2007874015748031815, 0.1181102362204724532, -0.5905511811023624880 ) ) ;
#1604 = VERTEX_POINT ( 'NONE', #2164 ) ;
#1605 = EDGE_CURVE ( 'NONE', #2892, #2521, #1796, .T. ) ;
#1606 = LINE ( 'NONE', #2569, #883 ) ;
#1607 =( NAMED_UNIT ( * ) SI_UNIT ( $, .STERADIAN. ) SOLID_ANGLE_UNIT ( ) );
#1608 = EDGE_LOOP ( 'NONE', ( #2556, #1154, #2440, #2038 ) ) ;
#1609 = FILL_AREA_STYLE ('',( #2294 ) ) ;
#1610 = EDGE_LOOP ( 'NONE', ( #2222, #1280, #39, #2717 ) ) ;
#1611 = SURFACE_STYLE_FILL_AREA ( #1171 ) ;
#1612 = FILL_AREA_STYLE_COLOUR ( '', #2231 ) ;
#1613 = PRESENTATION_STYLE_ASSIGNMENT (( #2813 ) ) ;
#1614 = CARTESIAN_POINT ( 'NONE',  ( -0.01968503937007873641, -0.2834645669291337988, -0.3425196850393700809 ) ) ;
#1615 =( LENGTH_UNIT ( ) NAMED_UNIT ( * ) SI_UNIT ( $, .METRE. ) );
#1616 = SURFACE_SIDE_STYLE ('',( #857 ) ) ;
#1617 = FACE_OUTER_BOUND ( 'NONE', #2568, .T. ) ;
#1618 = LINE ( 'NONE', #648, #839 ) ;
#1619 = EDGE_CURVE ( 'NONE', #2452, #780, #53, .T. ) ;
#1620 = CARTESIAN_POINT ( 'NONE',  ( 0.1328740157480316209, 0.0000000000000000000, -0.3818897637795276023 ) ) ;
#1621 = VERTEX_POINT ( 'NONE', #1283 ) ;
#1622 = AXIS2_PLACEMENT_3D ( 'NONE', #754, #2712, #992 ) ;
#1623 = STYLED_ITEM ( 'NONE', ( #3082 ), #345 ) ;
#1624 = DIRECTION ( 'NONE',  ( 1.000000000000000000, 0.0000000000000000000, 0.0000000000000000000 ) ) ;
#1625 = SURFACE_SIDE_STYLE ('',( #2343 ) ) ;
#1626 = SURFACE_SIDE_STYLE ('',( #2573 ) ) ;
#1627 = VERTEX_POINT ( 'NONE', #2014 ) ;
#1628 =( NAMED_UNIT ( * ) SI_UNIT ( $, .STERADIAN. ) SOLID_ANGLE_UNIT ( ) );
#1629 = AXIS2_PLACEMENT_3D ( 'NONE', #552, #84, #2336 ) ;
#1630 =( NAMED_UNIT ( * ) PLANE_ANGLE_UNIT ( ) SI_UNIT ( $, .RADIAN. ) );
#1631 = CARTESIAN_POINT ( 'NONE',  ( -0.06496062992125904711, -0.1515748031496061965, -0.5433070866141732624 ) ) ;
#1632 = VECTOR ( 'NONE', #2660, 39.37007874015748143 ) ;
#1633 = PRESENTATION_STYLE_ASSIGNMENT (( #1887 ) ) ;
#1634 = DIMENSIONAL_EXPONENTS ( 1.000000000000000000, 0.0000000000000000000, 0.0000000000000000000, 0.0000000000000000000, 0.0000000000000000000, 0.0000000000000000000, 0.0000000000000000000 ) ;
#1635 =( CONVERSION_BASED_UNIT ( 'INCH', #706 ) LENGTH_UNIT ( ) NAMED_UNIT ( #1874 ) );
#1636 = SURFACE_STYLE_FILL_AREA ( #1431 ) ;
#1637 = CARTESIAN_POINT ( 'NONE',  ( -0.2165354330708661457, 0.2165354330708662289, -0.3267716535433071168 ) ) ;
#1638 = STYLED_ITEM ( 'NONE', ( #1597 ), #1514 ) ;
#1639 =( GEOMETRIC_REPRESENTATION_CONTEXT ( 3 ) GLOBAL_UNCERTAINTY_ASSIGNED_CONTEXT ( ( #2671 ) ) GLOBAL_UNIT_ASSIGNED_CONTEXT ( ( #1199, #1684, #3123 ) ) REPRESENTATION_CONTEXT ( 'NONE', 'WORKASPACE' ) );
#1640 = ORIENTED_EDGE ( 'NONE', *, *, #701, .F. ) ;
#1641 = VECTOR ( 'NONE', #1931, 39.37007874015748143 ) ;
#1642 = EDGE_CURVE ( 'NONE', #1711, #2212, #2843, .T. ) ;
#1643 = AXIS2_PLACEMENT_3D ( 'NONE', #2877, #3132, #244 ) ;
#1644 =( NAMED_UNIT ( * ) SI_UNIT ( $, .STERADIAN. ) SOLID_ANGLE_UNIT ( ) );
#1645 = ORIENTED_EDGE ( 'NONE', *, *, #506, .F. ) ;
#1646 = STYLED_ITEM ( 'NONE', ( #2982 ), #2320 ) ;
#1647 = SURFACE_SIDE_STYLE ('',( #2515 ) ) ;
#1648 = MECHANICAL_DESIGN_GEOMETRIC_PRESENTATION_REPRESENTATION (  '', ( #2849 ), #3143 ) ;
#1649 = VECTOR ( 'NONE', #3046, 39.37007874015748143 ) ;
#1650 = FILL_AREA_STYLE_COLOUR ( '', #2727 ) ;
#1651 = FACE_OUTER_BOUND ( 'NONE', #2383, .T. ) ;
#1652 = CIRCLE ( 'NONE', #897, 0.003937007874015741038 ) ;
#1653 = DIRECTION ( 'NONE',  ( -0.0000000000000000000, -0.0000000000000000000, -1.000000000000000000 ) ) ;
#1654 = CARTESIAN_POINT ( 'NONE',  ( 0.2165354330708673392, -0.2440944881889763884, -0.5905511811023624880 ) ) ;
#1655 = EDGE_LOOP ( 'NONE', ( #2852, #1824, #187, #1467 ) ) ;
#1656 = CARTESIAN_POINT ( 'NONE',  ( -0.2165354330708660902, -0.2440944881889763884, -0.5905511811023621549 ) ) ;
#1657 = ORIENTED_EDGE ( 'NONE', *, *, #1816, .T. ) ;
#1658 = DIRECTION ( 'NONE',  ( 1.000000000000000000, 0.0000000000000000000, 0.0000000000000000000 ) ) ;
#1659 = EDGE_CURVE ( 'NONE', #582, #2901, #2929, .T. ) ;
#1660 = SURFACE_SIDE_STYLE ('',( #3102 ) ) ;
#1661 = SURFACE_STYLE_FILL_AREA ( #916 ) ;
#1662 = CARTESIAN_POINT ( 'NONE',  ( 0.2007874015748031815, -0.2440944881889763884, -0.5905511811023624880 ) ) ;
#1663 = CARTESIAN_POINT ( 'NONE',  ( 0.0000000000000000000, 0.0000000000000000000, -0.3267716535433071168 ) ) ;
#1664 =( NAMED_UNIT ( * ) PLANE_ANGLE_UNIT ( ) SI_UNIT ( $, .RADIAN. ) );
#1665 = LINE ( 'NONE', #458, #1641 ) ;
#1666 = DIRECTION ( 'NONE',  ( 1.000000000000000000, 0.0000000000000000000, 0.0000000000000000000 ) ) ;
#1667 = LENGTH_MEASURE_WITH_UNIT ( LENGTH_MEASURE( 0.02539999999999999897 ), #2867 );
#1668 = VERTEX_POINT ( 'NONE', #2735 ) ;
#1669 = SURFACE_SIDE_STYLE ('',( #489 ) ) ;
#1670 = LENGTH_MEASURE_WITH_UNIT ( LENGTH_MEASURE( 0.02539999999999999897 ), #2042 );
#1671 = AXIS2_PLACEMENT_3D ( 'NONE', #871, #628, #1800 ) ;
#1672 = PLANE ( 'NONE',  #2103 ) ;
#1673 = ORIENTED_EDGE ( 'NONE', *, *, #2298, .T. ) ;
#1674 = AXIS2_PLACEMENT_3D ( 'NONE', #1958, #972, #1254 ) ;
#1675 =( GEOMETRIC_REPRESENTATION_CONTEXT ( 3 ) GLOBAL_UNCERTAINTY_ASSIGNED_CONTEXT ( ( #1736 ) ) GLOBAL_UNIT_ASSIGNED_CONTEXT ( ( #2125, #945, #50 ) ) REPRESENTATION_CONTEXT ( 'NONE', 'WORKASPACE' ) );
#1676 = DIRECTION ( 'NONE',  ( 0.0000000000000000000, 0.0000000000000000000, 1.000000000000000000 ) ) ;
#1677 = DIRECTION ( 'NONE',  ( 0.0000000000000000000, 0.0000000000000000000, 1.000000000000000000 ) ) ;
#1678 = PRODUCT_DEFINITION ( 'UNKNOWN', '', #438, #1701 ) ;
#1679 = SURFACE_SIDE_STYLE ('',( #2611 ) ) ;
#1680 = DIRECTION ( 'NONE',  ( 0.0000000000000000000, 0.0000000000000000000, -1.000000000000000000 ) ) ;
#1681 = FILL_AREA_STYLE_COLOUR ( '', #2031 ) ;
#1682 = STYLED_ITEM ( 'NONE', ( #2096 ), #667 ) ;
#1683 = DIRECTION ( 'NONE',  ( 0.0000000000000000000, 1.000000000000000000, 0.0000000000000000000 ) ) ;
#1684 =( NAMED_UNIT ( * ) PLANE_ANGLE_UNIT ( ) SI_UNIT ( $, .RADIAN. ) );
#1685 = CARTESIAN_POINT ( 'NONE',  ( 0.2559055118110236671, -0.2598425196850393526, -0.5905511811023624880 ) ) ;
#1686 = EDGE_LOOP ( 'NONE', ( #2969, #1788, #135, #1031 ) ) ;
#1687 =( NAMED_UNIT ( * ) PLANE_ANGLE_UNIT ( ) SI_UNIT ( $, .RADIAN. ) );
#1688 = AXIS2_PLACEMENT_3D ( 'NONE', #38, #2239, #1790 ) ;
#1689 =( CONVERSION_BASED_UNIT ( 'INCH', #1670 ) LENGTH_UNIT ( ) NAMED_UNIT ( #773 ) );
#1690 = VERTEX_POINT ( 'NONE', #538 ) ;
#1691 = CIRCLE ( 'NONE', #1593, 0.1437007874015747977 ) ;
#1692 = CARTESIAN_POINT ( 'NONE',  ( -3.905688928441876613E-15, -0.2519685039370078705, -0.5669291338582725936 ) ) ;
#1693 = LENGTH_MEASURE_WITH_UNIT ( LENGTH_MEASURE( 0.02539999999999999897 ), #1193 );
#1694 = CIRCLE ( 'NONE', #3114, 0.1633858267716535584 ) ;
#1695 = PLANE ( 'NONE',  #2053 ) ;
#1696 = ORIENTED_EDGE ( 'NONE', *, *, #2039, .F. ) ;
#1697 = SURFACE_STYLE_USAGE ( .BOTH. , #193 ) ;
#1698 = MECHANICAL_DESIGN_GEOMETRIC_PRESENTATION_REPRESENTATION (  '', ( #477 ), #573 ) ;
#1699 = DIRECTION ( 'NONE',  ( 0.0000000000000000000, 0.0000000000000000000, 1.000000000000000000 ) ) ;
#1700 = CARTESIAN_POINT ( 'NONE',  ( -0.2047244094488188948, -0.2598425196850393526, -0.5905511811023621549 ) ) ;
#1701 = PRODUCT_DEFINITION_CONTEXT ( 'detailed design', #1494, 'design' ) ;
#1702 = DIRECTION ( 'NONE',  ( 0.0000000000000000000, 0.0000000000000000000, 1.000000000000000000 ) ) ;
#1703 = EDGE_CURVE ( 'NONE', #2191, #1153, #1797, .T. ) ;
#1704 = EDGE_LOOP ( 'NONE', ( #2690, #2835, #2864, #437 ) ) ;
#1705 = PLANE ( 'NONE',  #415 ) ;
#1706 = CIRCLE ( 'NONE', #577, 0.1437007874015747977 ) ;
#1707 = UNCERTAINTY_MEASURE_WITH_UNIT (LENGTH_MEASURE( 1.000000000000000082E-05 ), #182, 'distance_accuracy_value', 'NONE');
#1708 = ORIENTED_EDGE ( 'NONE', *, *, #282, .F. ) ;
#1709 = FILL_AREA_STYLE_COLOUR ( '', #918 ) ;
#1710 = FILL_AREA_STYLE ('',( #27 ) ) ;
#1711 = VERTEX_POINT ( 'NONE', #1251 ) ;
#1712 = FILL_AREA_STYLE_COLOUR ( '', #2510 ) ;
#1713 =( LENGTH_UNIT ( ) NAMED_UNIT ( * ) SI_UNIT ( $, .METRE. ) );
#1714 = DIRECTION ( 'NONE',  ( 1.000000000000000000, 0.0000000000000000000, 0.0000000000000000000 ) ) ;
#1715 = DIRECTION ( 'NONE',  ( 0.0000000000000000000, 0.0000000000000000000, 1.000000000000000000 ) ) ;
#1716 = CARTESIAN_POINT ( 'NONE',  ( 0.02559055118109391028, -0.3116257733778094452, -0.5511811023622047445 ) ) ;
#1717 = EDGE_LOOP ( 'NONE', ( #2025, #2207, #2511, #2987 ) ) ;
#1718 = CARTESIAN_POINT ( 'NONE',  ( 0.0000000000000000000, 0.0000000000000000000, -0.3818897637795276023 ) ) ;
#1719 = EDGE_CURVE ( 'NONE', #780, #86, #986, .T. ) ;
#1720 = DIRECTION ( 'NONE',  ( -0.7071067811866713626, -0.7071067811864236718, 0.0000000000000000000 ) ) ;
#1721 = FILL_AREA_STYLE_COLOUR ( '', #2106 ) ;
#1722 = VERTEX_POINT ( 'NONE', #1541 ) ;
#1723 = DIRECTION ( 'NONE',  ( 0.0000000000000000000, 0.0000000000000000000, 1.000000000000000000 ) ) ;
#1724 =( GEOMETRIC_REPRESENTATION_CONTEXT ( 3 ) GLOBAL_UNCERTAINTY_ASSIGNED_CONTEXT ( ( #1707 ) ) GLOBAL_UNIT_ASSIGNED_CONTEXT ( ( #182, #1664, #2117 ) ) REPRESENTATION_CONTEXT ( 'NONE', 'WORKASPACE' ) );
#1725 = ORIENTED_EDGE ( 'NONE', *, *, #1977, .F. ) ;
#1726 = CARTESIAN_POINT ( 'NONE',  ( 0.0000000000000000000, 0.0000000000000000000, -0.3818897637795276023 ) ) ;
#1727 = LINE ( 'NONE', #45, #87 ) ;
#1728 =( NAMED_UNIT ( * ) PLANE_ANGLE_UNIT ( ) SI_UNIT ( $, .RADIAN. ) );
#1729 = STYLED_ITEM ( 'NONE', ( #148 ), #605 ) ;
#1730 = LINE ( 'NONE', #1246, #3108 ) ;
#1731 = STYLED_ITEM ( 'NONE', ( #1488 ), #740 ) ;
#1732 = DIMENSIONAL_EXPONENTS ( 1.000000000000000000, 0.0000000000000000000, 0.0000000000000000000, 0.0000000000000000000, 0.0000000000000000000, 0.0000000000000000000, 0.0000000000000000000 ) ;
#1733 = DIRECTION ( 'NONE',  ( 0.0000000000000000000, 0.0000000000000000000, 1.000000000000000000 ) ) ;
#1734 = VERTEX_POINT ( 'NONE', #23 ) ;
#1735 = CIRCLE ( 'NONE', #2539, 0.1328740157480315098 ) ;
#1736 = UNCERTAINTY_MEASURE_WITH_UNIT (LENGTH_MEASURE( 1.000000000000000082E-05 ), #2125, 'distance_accuracy_value', 'NONE');
#1737 = CARTESIAN_POINT ( 'NONE',  ( 0.06496062992124453095, -0.1515748031496270409, -0.5511811023622047445 ) ) ;
#1738 = EDGE_CURVE ( 'NONE', #2472, #2708, #1466, .T. ) ;
#1739 = CARTESIAN_POINT ( 'NONE',  ( 0.0000000000000000000, 0.0000000000000000000, -0.09842519685039372024 ) ) ;
#1740 = ORIENTED_EDGE ( 'NONE', *, *, #2951, .F. ) ;
#1741 = ADVANCED_FACE ( 'NONE', ( #2462 ), #1049, .F. ) ;
#1742 = CARTESIAN_POINT ( 'NONE',  ( -0.06496062992125906099, -0.1515748031496061965, -0.5433070866141732624 ) ) ;
#1743 = EDGE_CURVE ( 'NONE', #2817, #2418, #2964, .T. ) ;
#1744 = AXIS2_PLACEMENT_3D ( 'NONE', #2820, #1812, #3015 ) ;
#1745 = STYLED_ITEM ( 'NONE', ( #2007 ), #1265 ) ;
#1746 = VERTEX_POINT ( 'NONE', #796 ) ;
#1747 = LENGTH_MEASURE_WITH_UNIT ( LENGTH_MEASURE( 0.02539999999999999897 ), #28 );
#1748 = LENGTH_MEASURE_WITH_UNIT ( LENGTH_MEASURE( 0.02539999999999999897 ), #1784 );
#1749 = CARTESIAN_POINT ( 'NONE',  ( 0.2007874015748031815, -0.2559055118110235560, -0.5511811023622049666 ) ) ;
#1750 = VECTOR ( 'NONE', #2625, 39.37007874015748854 ) ;
#1751 = LINE ( 'NONE', #1448, #2602 ) ;
#1752 = ORIENTED_EDGE ( 'NONE', *, *, #2874, .T. ) ;
#1753 = DIRECTION ( 'NONE',  ( 9.757819552369514663E-15, 0.0000000000000000000, 1.000000000000000000 ) ) ;
#1754 = PRESENTATION_LAYER_ASSIGNMENT (  '', '', ( #893 ) ) ;
#1755 =( NAMED_UNIT ( * ) SI_UNIT ( $, .STERADIAN. ) SOLID_ANGLE_UNIT ( ) );
#1756 = PRESENTATION_LAYER_ASSIGNMENT (  '', '', ( #731 ) ) ;
#1757 = VERTEX_POINT ( 'NONE', #2978 ) ;
#1758 = DIMENSIONAL_EXPONENTS ( 1.000000000000000000, 0.0000000000000000000, 0.0000000000000000000, 0.0000000000000000000, 0.0000000000000000000, 0.0000000000000000000, 0.0000000000000000000 ) ;
#1759 = FILL_AREA_STYLE_COLOUR ( '', #111 ) ;
#1760 = LINE ( 'NONE', #3128, #2780 ) ;
#1761 = EDGE_CURVE ( 'NONE', #1604, #1010, #260, .T. ) ;
#1762 = EDGE_CURVE ( 'NONE', #2708, #49, #2913, .T. ) ;
#1763 = VERTEX_POINT ( 'NONE', #504 ) ;
#1764 = CARTESIAN_POINT ( 'NONE',  ( -0.01968503937007873988, -0.2559055118110235560, -0.3425196850393700809 ) ) ;
#1765 = DIRECTION ( 'NONE',  ( 0.0000000000000000000, 1.000000000000000000, 0.0000000000000000000 ) ) ;
#1766 =( LENGTH_UNIT ( ) NAMED_UNIT ( * ) SI_UNIT ( $, .METRE. ) );
#1767 = DIRECTION ( 'NONE',  ( -1.000000000000000000, 1.314184451497603199E-16, 0.0000000000000000000 ) ) ;
#1768 = CARTESIAN_POINT ( 'NONE',  ( 0.06496062992124453095, -0.1515748031496270964, -0.5511811023622047445 ) ) ;
#1769 = ORIENTED_EDGE ( 'NONE', *, *, #277, .F. ) ;
#1770 = SURFACE_STYLE_FILL_AREA ( #795 ) ;
#1771 = UNCERTAINTY_MEASURE_WITH_UNIT (LENGTH_MEASURE( 1.000000000000000082E-05 ), #1239, 'distance_accuracy_value', 'NONE');
#1772 = DIRECTION ( 'NONE',  ( -1.000000000000000000, -0.0000000000000000000, -0.0000000000000000000 ) ) ;
#1773 = SURFACE_SIDE_STYLE ('',( #307 ) ) ;
#1774 = ORIENTED_EDGE ( 'NONE', *, *, #2693, .T. ) ;
#1775 =( LENGTH_UNIT ( ) NAMED_UNIT ( * ) SI_UNIT ( $, .METRE. ) );
#1776 = CARTESIAN_POINT ( 'NONE',  ( 0.0000000000000000000, 0.0000000000000000000, -0.09842519685039372024 ) ) ;
#1777 = DIRECTION ( 'NONE',  ( 1.000000000000000000, 0.0000000000000000000, 0.0000000000000000000 ) ) ;
#1778 = DIRECTION ( 'NONE',  ( 0.0000000000000000000, 0.0000000000000000000, 1.000000000000000000 ) ) ;
#1779 = DIMENSIONAL_EXPONENTS ( 1.000000000000000000, 0.0000000000000000000, 0.0000000000000000000, 0.0000000000000000000, 0.0000000000000000000, 0.0000000000000000000, 0.0000000000000000000 ) ;
#1780 = PRESENTATION_LAYER_ASSIGNMENT (  '', '', ( #2476 ) ) ;
#1781 = ORIENTED_EDGE ( 'NONE', *, *, #2039, .T. ) ;
#1782 =( NAMED_UNIT ( * ) PLANE_ANGLE_UNIT ( ) SI_UNIT ( $, .RADIAN. ) );
#1783 = CARTESIAN_POINT ( 'NONE',  ( -0.02559055118110157775, -0.2480314960629921017, -0.5511811023622047445 ) ) ;
#1784 =( LENGTH_UNIT ( ) NAMED_UNIT ( * ) SI_UNIT ( $, .METRE. ) );
#1785 = FILL_AREA_STYLE_COLOUR ( '', #2986 ) ;
#1786 = DIRECTION ( 'NONE',  ( 0.0000000000000000000, 0.0000000000000000000, 1.000000000000000000 ) ) ;
#1787 =( NAMED_UNIT ( * ) SI_UNIT ( $, .STERADIAN. ) SOLID_ANGLE_UNIT ( ) );
#1788 = ORIENTED_EDGE ( 'NONE', *, *, #761, .F. ) ;
#1789 = STYLED_ITEM ( 'NONE', ( #627 ), #647 ) ;
#1790 = DIRECTION ( 'NONE',  ( 0.0000000000000000000, 0.0000000000000000000, -1.000000000000000000 ) ) ;
#1791 = DIRECTION ( 'NONE',  ( 0.0000000000000000000, 0.0000000000000000000, -1.000000000000000000 ) ) ;
#1792 = ORIENTED_EDGE ( 'NONE', *, *, #1229, .T. ) ;
#1793 = VECTOR ( 'NONE', #107, 39.37007874015748143 ) ;
#1794 = FACE_OUTER_BOUND ( 'NONE', #1876, .T. ) ;
#1795 = DIRECTION ( 'NONE',  ( -1.767249541151369703E-13, -1.000000000000000000, -0.0000000000000000000 ) ) ;
#1796 = CIRCLE ( 'NONE', #2998, 0.06496062992125985203 ) ;
#1797 = CIRCLE ( 'NONE', #3104, 0.003937007874015758385 ) ;
#1798 = ORIENTED_EDGE ( 'NONE', *, *, #2429, .F. ) ;
#1799 = DIRECTION ( 'NONE',  ( -1.000000000000000000, 0.0000000000000000000, 0.0000000000000000000 ) ) ;
#1800 = DIRECTION ( 'NONE',  ( 1.000000000000000000, 0.0000000000000000000, 0.0000000000000000000 ) ) ;
#1801 =( NAMED_UNIT ( * ) SI_UNIT ( $, .STERADIAN. ) SOLID_ANGLE_UNIT ( ) );
#1802 =( GEOMETRIC_REPRESENTATION_CONTEXT ( 3 ) GLOBAL_UNCERTAINTY_ASSIGNED_CONTEXT ( ( #2554 ) ) GLOBAL_UNIT_ASSIGNED_CONTEXT ( ( #2974, #1093, #120 ) ) REPRESENTATION_CONTEXT ( 'NONE', 'WORKASPACE' ) );
#1803 = VECTOR ( 'NONE', #496, 39.37007874015748143 ) ;
#1804 = FILL_AREA_STYLE ('',( #81 ) ) ;
#1805 = DIRECTION ( 'NONE',  ( -1.000000000000000000, 0.0000000000000000000, -9.130123557772670060E-16 ) ) ;
#1806 = MECHANICAL_DESIGN_GEOMETRIC_PRESENTATION_REPRESENTATION (  '', ( #2199 ), #2648 ) ;
#1807 = ORIENTED_EDGE ( 'NONE', *, *, #401, .T. ) ;
#1808 = AXIS2_PLACEMENT_3D ( 'NONE', #2326, #3033, #1624 ) ;
#1809 = CARTESIAN_POINT ( 'NONE',  ( 0.06496062992125843649, -0.1909448818897638289, -0.5433070866141732624 ) ) ;
#1810 =( GEOMETRIC_REPRESENTATION_CONTEXT ( 3 ) GLOBAL_UNCERTAINTY_ASSIGNED_CONTEXT ( ( #70 ) ) GLOBAL_UNIT_ASSIGNED_CONTEXT ( ( #370, #1573, #1141 ) ) REPRESENTATION_CONTEXT ( 'NONE', 'WORKASPACE' ) );
#1811 = ADVANCED_FACE ( 'NONE', ( #1081 ), #2073, .F. ) ;
#1812 = DIRECTION ( 'NONE',  ( 0.0000000000000000000, 0.0000000000000000000, 1.000000000000000000 ) ) ;
#1813 = CARTESIAN_POINT ( 'NONE',  ( 0.06496062992125983815, -0.06496062992125985203, -0.5511811023622047445 ) ) ;
#1814 = ORIENTED_EDGE ( 'NONE', *, *, #2455, .F. ) ;
#1815 = AXIS2_PLACEMENT_3D ( 'NONE', #383, #399, #2271 ) ;
#1816 = EDGE_CURVE ( 'NONE', #1980, #1757, #424, .T. ) ;
#1817 =( GEOMETRIC_REPRESENTATION_CONTEXT ( 3 ) GLOBAL_UNCERTAINTY_ASSIGNED_CONTEXT ( ( #1962 ) ) GLOBAL_UNIT_ASSIGNED_CONTEXT ( ( #1525, #836, #1068 ) ) REPRESENTATION_CONTEXT ( 'NONE', 'WORKASPACE' ) );
#1818 = LINE ( 'NONE', #1576, #1912 ) ;
#1819 = SURFACE_SIDE_STYLE ('',( #2756 ) ) ;
#1820 =( NAMED_UNIT ( * ) SI_UNIT ( $, .STERADIAN. ) SOLID_ANGLE_UNIT ( ) );
#1821 =( NAMED_UNIT ( * ) PLANE_ANGLE_UNIT ( ) SI_UNIT ( $, .RADIAN. ) );
#1822 = CARTESIAN_POINT ( 'NONE',  ( 0.2007874015748031815, 0.2165354330708662289, -0.5905511811023624880 ) ) ;
#1823 = DIRECTION ( 'NONE',  ( 9.035018104045879322E-17, -1.000000000000000000, 0.0000000000000000000 ) ) ;
#1824 = ORIENTED_EDGE ( 'NONE', *, *, #782, .T. ) ;
#1825 = FACE_OUTER_BOUND ( 'NONE', #207, .T. ) ;
#1826 =( NAMED_UNIT ( * ) PLANE_ANGLE_UNIT ( ) SI_UNIT ( $, .RADIAN. ) );
#1827 = ORIENTED_EDGE ( 'NONE', *, *, #2609, .T. ) ;
#1828 = ADVANCED_FACE ( 'NONE', ( #1343 ), #1112, .T. ) ;
#1829 = DIMENSIONAL_EXPONENTS ( 1.000000000000000000, 0.0000000000000000000, 0.0000000000000000000, 0.0000000000000000000, 0.0000000000000000000, 0.0000000000000000000, 0.0000000000000000000 ) ;
#1830 = ADVANCED_FACE ( 'NONE', ( #1099 ), #2087, .F. ) ;
#1831 = CARTESIAN_POINT ( 'NONE',  ( 0.07283464566929134798, 8.919671568592926781E-18, -0.3267716535433071168 ) ) ;
#1832 = CARTESIAN_POINT ( 'NONE',  ( -0.1328740157480316209, 1.627237380756819219E-17, 0.0000000000000000000 ) ) ;
#1833 =( NAMED_UNIT ( * ) PLANE_ANGLE_UNIT ( ) SI_UNIT ( $, .RADIAN. ) );
#1834 = LINE ( 'NONE', #2995, #2606 ) ;
#1835 = VERTEX_POINT ( 'NONE', #1388 ) ;
#1836 = LINE ( 'NONE', #2761, #212 ) ;
#1837 = PRESENTATION_LAYER_ASSIGNMENT (  '', '', ( #2772 ) ) ;
#1838 = UNCERTAINTY_MEASURE_WITH_UNIT (LENGTH_MEASURE( 1.000000000000000082E-05 ), #2644, 'distance_accuracy_value', 'NONE');
#1839 = COLOUR_RGB ( '',0.7529411764705882248, 0.7529411764705882248, 0.7529411764705882248 ) ;
#1840 = ORIENTED_EDGE ( 'NONE', *, *, #192, .F. ) ;
#1841 = COLOUR_RGB ( '',0.7529411764705882248, 0.7529411764705882248, 0.7529411764705882248 ) ;
#1842 =( CONVERSION_BASED_UNIT ( 'INCH', #884 ) LENGTH_UNIT ( ) NAMED_UNIT ( #96 ) );
#1843 = EDGE_CURVE ( 'NONE', #2885, #3111, #2624, .T. ) ;
#1844 = FILL_AREA_STYLE_COLOUR ( '', #2302 ) ;
#1845 = DIRECTION ( 'NONE',  ( 1.000000000000000000, 0.0000000000000000000, 0.0000000000000000000 ) ) ;
#1846 = PRESENTATION_LAYER_ASSIGNMENT (  '', '', ( #2886 ) ) ;
#1847 = DIRECTION ( 'NONE',  ( 0.0000000000000000000, 0.0000000000000000000, -1.000000000000000000 ) ) ;
#1848 =( LENGTH_UNIT ( ) NAMED_UNIT ( * ) SI_UNIT ( $, .METRE. ) );
#1849 = COLOUR_RGB ( '',0.7529411764705882248, 0.7529411764705882248, 0.7529411764705882248 ) ;
#1850 = EDGE_CURVE ( 'NONE', #3047, #1668, #2379, .T. ) ;
#1851 = CARTESIAN_POINT ( 'NONE',  ( 0.02559055118109399007, -0.3116257733778094452, -0.5433070866141732624 ) ) ;
#1852 = DIRECTION ( 'NONE',  ( 0.0000000000000000000, 0.0000000000000000000, 1.000000000000000000 ) ) ;
#1853 =( CONVERSION_BASED_UNIT ( 'INCH', #2815 ) LENGTH_UNIT ( ) NAMED_UNIT ( #56 ) );
#1854 = VECTOR ( 'NONE', #3110, 39.37007874015748143 ) ;
#1855 = VERTEX_POINT ( 'NONE', #1654 ) ;
#1856 = LENGTH_MEASURE_WITH_UNIT ( LENGTH_MEASURE( 0.02539999999999999897 ), #650 );
#1857 = AXIS2_PLACEMENT_3D ( 'NONE', #898, #2058, #1065 ) ;
#1858 = VECTOR ( 'NONE', #2552, 39.37007874015748143 ) ;
#1859 = PRESENTATION_LAYER_ASSIGNMENT (  '', '', ( #572 ) ) ;
#1860 = SURFACE_SIDE_STYLE ('',( #2570 ) ) ;
#1861 = DIRECTION ( 'NONE',  ( -1.000000000000000000, 0.0000000000000000000, 0.0000000000000000000 ) ) ;
#1862 = VERTEX_POINT ( 'NONE', #697 ) ;
#1863 = VECTOR ( 'NONE', #2869, 39.37007874015748143 ) ;
#1864 = CARTESIAN_POINT ( 'NONE',  ( 0.2007874015748031815, 0.2165354330708662289, -0.4921259842519684069 ) ) ;
#1865 = STYLED_ITEM ( 'NONE', ( #3094 ), #2694 ) ;
#1866 =( LENGTH_UNIT ( ) NAMED_UNIT ( * ) SI_UNIT ( $, .METRE. ) );
#1867 = DIRECTION ( 'NONE',  ( 0.0000000000000000000, 0.0000000000000000000, 1.000000000000000000 ) ) ;
#1868 = ORIENTED_EDGE ( 'NONE', *, *, #1163, .T. ) ;
#1869 = CARTESIAN_POINT ( 'NONE',  ( 0.06496062992125845037, -0.07283464566929136186, -0.3267716535433071168 ) ) ;
#1870 = CARTESIAN_POINT ( 'NONE',  ( -0.1633858267716535584, 2.000899297819494236E-17, -0.3425196850393700809 ) ) ;
#1871 =( GEOMETRIC_REPRESENTATION_CONTEXT ( 3 ) GLOBAL_UNCERTAINTY_ASSIGNED_CONTEXT ( ( #2119 ) ) GLOBAL_UNIT_ASSIGNED_CONTEXT ( ( #3074, #3106, #2635 ) ) REPRESENTATION_CONTEXT ( 'NONE', 'WORKASPACE' ) );
#1872 =( GEOMETRIC_REPRESENTATION_CONTEXT ( 3 ) GLOBAL_UNCERTAINTY_ASSIGNED_CONTEXT ( ( #1400 ) ) GLOBAL_UNIT_ASSIGNED_CONTEXT ( ( #1635, #1242, #2682 ) ) REPRESENTATION_CONTEXT ( 'NONE', 'WORKASPACE' ) );
#1873 = EDGE_CURVE ( 'NONE', #126, #2868, #2597, .T. ) ;
#1874 = DIMENSIONAL_EXPONENTS ( 1.000000000000000000, 0.0000000000000000000, 0.0000000000000000000, 0.0000000000000000000, 0.0000000000000000000, 0.0000000000000000000, 0.0000000000000000000 ) ;
#1875 =( NAMED_UNIT ( * ) SI_UNIT ( $, .STERADIAN. ) SOLID_ANGLE_UNIT ( ) );
#1876 = EDGE_LOOP ( 'NONE', ( #2124, #900 ) ) ;
#1877 = CARTESIAN_POINT ( 'NONE',  ( 0.1633858267716535584, 0.0000000000000000000, -0.3818897637795276023 ) ) ;
#1878 = FILL_AREA_STYLE ('',( #3045 ) ) ;
#1879 =( LENGTH_UNIT ( ) NAMED_UNIT ( * ) SI_UNIT ( $, .METRE. ) );
#1880 = EDGE_LOOP ( 'NONE', ( #1595, #3068, #654, #1987 ) ) ;
#1881 = PLANE ( 'NONE',  #2448 ) ;
#1882 = ORIENTED_EDGE ( 'NONE', *, *, #761, .T. ) ;
#1883 = DIRECTION ( 'NONE',  ( 1.000000000000000000, 0.0000000000000000000, 0.0000000000000000000 ) ) ;
#1884 = SURFACE_STYLE_FILL_AREA ( #3119 ) ;
#1885 =( NAMED_UNIT ( * ) SI_UNIT ( $, .STERADIAN. ) SOLID_ANGLE_UNIT ( ) );
#1886 = EDGE_CURVE ( 'NONE', #1392, #1946, #450, .T. ) ;
#1887 = SURFACE_STYLE_USAGE ( .BOTH. , #1679 ) ;
#1888 = EDGE_CURVE ( 'NONE', #669, #2765, #2370, .T. ) ;
#1889 = PRESENTATION_STYLE_ASSIGNMENT (( #2581 ) ) ;
#1890 = CARTESIAN_POINT ( 'NONE',  ( -0.1437007874015747977, 1.880363195541211525E-17, 0.0000000000000000000 ) ) ;
#1891 = CARTESIAN_POINT ( 'NONE',  ( -0.2165354330708661457, 0.2165354330708662289, -0.5511811023622046335 ) ) ;
#1892 = EDGE_LOOP ( 'NONE', ( #2475, #1201, #1868, #1302 ) ) ;
#1893 = MECHANICAL_DESIGN_GEOMETRIC_PRESENTATION_REPRESENTATION (  '', ( #2476 ), #1360 ) ;
#1894 = AXIS2_PLACEMENT_3D ( 'NONE', #1581, #360, #588 ) ;
#1895 = VERTEX_POINT ( 'NONE', #473 ) ;
#1896 = VECTOR ( 'NONE', #2251, 39.37007874015748143 ) ;
#1897 = PLANE ( 'NONE',  #253 ) ;
#1898 = DIRECTION ( 'NONE',  ( 0.0000000000000000000, 0.0000000000000000000, 1.000000000000000000 ) ) ;
#1899 = AXIS2_PLACEMENT_3D ( 'NONE', #1992, #83, #2977 ) ;
#1900 =( NAMED_UNIT ( * ) SI_UNIT ( $, .STERADIAN. ) SOLID_ANGLE_UNIT ( ) );
#1901 = CARTESIAN_POINT ( 'NONE',  ( -0.06496062992125985203, 0.0000000000000000000, -0.09842519685039372024 ) ) ;
#1902 = MECHANICAL_DESIGN_GEOMETRIC_PRESENTATION_REPRESENTATION (  '', ( #933 ), #2841 ) ;
#1903 = DIRECTION ( 'NONE',  ( 1.314184451497603199E-16, 1.000000000000000000, 0.0000000000000000000 ) ) ;
#1904 = DIRECTION ( 'NONE',  ( 0.0000000000000000000, 0.0000000000000000000, 1.000000000000000000 ) ) ;
#1905 = PRESENTATION_LAYER_ASSIGNMENT (  '', '', ( #2397 ) ) ;
#1906 = VERTEX_POINT ( 'NONE', #1620 ) ;
#1907 = EDGE_CURVE ( 'NONE', #1668, #2615, #1932, .T. ) ;
#1908 = CIRCLE ( 'NONE', #975, 0.1328740157480315098 ) ;
#1909 =( GEOMETRIC_REPRESENTATION_CONTEXT ( 3 ) GLOBAL_UNCERTAINTY_ASSIGNED_CONTEXT ( ( #36 ) ) GLOBAL_UNIT_ASSIGNED_CONTEXT ( ( #183, #1432, #2638 ) ) REPRESENTATION_CONTEXT ( 'NONE', 'WORKASPACE' ) );
#1910 = SURFACE_SIDE_STYLE ('',( #2134 ) ) ;
#1911 = ORIENTED_EDGE ( 'NONE', *, *, #1098, .T. ) ;
#1912 = VECTOR ( 'NONE', #1116, 39.37007874015748143 ) ;
#1913 = EDGE_CURVE ( 'NONE', #780, #102, #1151, .T. ) ;
#1914 = COLOUR_RGB ( '',0.1960784313725490169, 0.1960784313725490169, 0.1960784313725490169 ) ;
#1915 = PRESENTATION_STYLE_ASSIGNMENT (( #2114 ) ) ;
#1916 = SURFACE_STYLE_USAGE ( .BOTH. , #410 ) ;
#1917 = LINE ( 'NONE', #1662, #2641 ) ;
#1918 = DIRECTION ( 'NONE',  ( -1.756407519426520465E-13, -1.000000000000000000, 0.0000000000000000000 ) ) ;
#1919 = DIRECTION ( 'NONE',  ( 0.0000000000000000000, 0.0000000000000000000, 1.000000000000000000 ) ) ;
#1920 = PRESENTATION_STYLE_ASSIGNMENT (( #2866 ) ) ;
#1921 = CARTESIAN_POINT ( 'NONE',  ( -0.2007874015748030982, 0.1181102362204724809, -0.5905511811023621549 ) ) ;
#1922 = ORIENTED_EDGE ( 'NONE', *, *, #1032, .T. ) ;
#1923 =( LENGTH_UNIT ( ) NAMED_UNIT ( * ) SI_UNIT ( $, .METRE. ) );
#1924 = FILL_AREA_STYLE ('',( #688 ) ) ;
#1925 = EDGE_LOOP ( 'NONE', ( #733, #215, #1083, #760 ) ) ;
#1926 = ADVANCED_FACE ( 'NONE', ( #2356 ), #964, .T. ) ;
#1927 = SURFACE_STYLE_FILL_AREA ( #655 ) ;
#1928 = CARTESIAN_POINT ( 'NONE',  ( 0.06496062992125983815, -0.06496062992125985203, -0.3267716535433071168 ) ) ;
#1929 = LINE ( 'NONE', #1631, #1997 ) ;
#1930 = CARTESIAN_POINT ( 'NONE',  ( -0.2007874015748030982, -0.2559055118110235560, -0.5905511811023621549 ) ) ;
#1931 = DIRECTION ( 'NONE',  ( 0.0000000000000000000, 0.0000000000000000000, 1.000000000000000000 ) ) ;
#1932 = LINE ( 'NONE', #2394, #1272 ) ;
#1933 = LINE ( 'NONE', #1169, #680 ) ;
#1934 = ORIENTED_EDGE ( 'NONE', *, *, #1560, .T. ) ;
#1935 = PLANE ( 'NONE',  #875 ) ;
#1936 = UNCERTAINTY_MEASURE_WITH_UNIT (LENGTH_MEASURE( 1.000000000000000082E-05 ), #2632, 'distance_accuracy_value', 'NONE');
#1937 = STYLED_ITEM ( 'NONE', ( #1889 ), #30 ) ;
#1938 = DIRECTION ( 'NONE',  ( 0.0000000000000000000, 0.0000000000000000000, 1.000000000000000000 ) ) ;
#1939 = VERTEX_POINT ( 'NONE', #996 ) ;
#1940 =( GEOMETRIC_REPRESENTATION_CONTEXT ( 3 ) GLOBAL_UNCERTAINTY_ASSIGNED_CONTEXT ( ( #2520 ) ) GLOBAL_UNIT_ASSIGNED_CONTEXT ( ( #275, #787, #1018 ) ) REPRESENTATION_CONTEXT ( 'NONE', 'WORKASPACE' ) );
#1941 = EDGE_CURVE ( 'NONE', #452, #1746, #2189, .T. ) ;
#1942 = VECTOR ( 'NONE', #2618, 39.37007874015748143 ) ;
#1943 = LENGTH_MEASURE_WITH_UNIT ( LENGTH_MEASURE( 0.02539999999999999897 ), #1455 );
#1944 = EDGE_CURVE ( 'NONE', #82, #816, #1963, .T. ) ;
#1945 =( NAMED_UNIT ( * ) PLANE_ANGLE_UNIT ( ) SI_UNIT ( $, .RADIAN. ) );
#1946 = VERTEX_POINT ( 'NONE', #1046 ) ;
#1947 = DIRECTION ( 'NONE',  ( 1.000000000000000000, 0.0000000000000000000, 0.0000000000000000000 ) ) ;
#1948 = FILL_AREA_STYLE ('',( #1681 ) ) ;
#1949 = DIRECTION ( 'NONE',  ( 0.0000000000000000000, -1.000000000000000000, 0.0000000000000000000 ) ) ;
#1950 = DIRECTION ( 'NONE',  ( -1.000000000000000000, 1.314184451497603199E-16, 0.0000000000000000000 ) ) ;
#1951 = EDGE_LOOP ( 'NONE', ( #2435, #247 ) ) ;
#1952 = PRESENTATION_LAYER_ASSIGNMENT (  '', '', ( #161 ) ) ;
#1953 = ORIENTED_EDGE ( 'NONE', *, *, #2731, .F. ) ;
#1954 = VECTOR ( 'NONE', #741, 39.37007874015748143 ) ;
#1955 = PRESENTATION_LAYER_ASSIGNMENT (  '', '', ( #626 ) ) ;
#1956 = PRESENTATION_LAYER_ASSIGNMENT (  '', '', ( #2446 ) ) ;
#1957 = DIRECTION ( 'NONE',  ( -1.000000000000000000, 0.0000000000000000000, 0.0000000000000000000 ) ) ;
#1958 = CARTESIAN_POINT ( 'NONE',  ( 2.489965619225239913E-18, -0.2834645669291337988, -0.3425196850393700809 ) ) ;
#1959 = LENGTH_MEASURE_WITH_UNIT ( LENGTH_MEASURE( 0.02539999999999999897 ), #2654 );
#1960 = EDGE_CURVE ( 'NONE', #353, #1126, #1691, .T. ) ;
#1961 = CIRCLE ( 'NONE', #1437, 0.07283464566929134798 ) ;
#1962 = UNCERTAINTY_MEASURE_WITH_UNIT (LENGTH_MEASURE( 1.000000000000000082E-05 ), #1525, 'distance_accuracy_value', 'NONE');
#1963 = LINE ( 'NONE', #1212, #2400 ) ;
#1964 = LENGTH_MEASURE_WITH_UNIT ( LENGTH_MEASURE( 0.02539999999999999897 ), #2190 );
#1965 = ORIENTED_EDGE ( 'NONE', *, *, #920, .F. ) ;
#1966 = CYLINDRICAL_SURFACE ( 'NONE', #1899, 0.01968503937007875723 ) ;
#1967 = DIRECTION ( 'NONE',  ( 0.0000000000000000000, 0.0000000000000000000, -1.000000000000000000 ) ) ;
#1968 = LINE ( 'NONE', #186, #2447 ) ;
#1969 = EDGE_LOOP ( 'NONE', ( #2135, #2411 ) ) ;
#1970 = PLANE ( 'NONE',  #1069 ) ;
#1971 = DIRECTION ( 'NONE',  ( 0.0000000000000000000, 0.0000000000000000000, 1.000000000000000000 ) ) ;
#1972 = ORIENTED_EDGE ( 'NONE', *, *, #784, .T. ) ;
#1973 = DIRECTION ( 'NONE',  ( 1.000000000000000000, 0.0000000000000000000, 0.0000000000000000000 ) ) ;
#1974 = SURFACE_STYLE_FILL_AREA ( #317 ) ;
#1975 =( CONVERSION_BASED_UNIT ( 'INCH', #1022 ) LENGTH_UNIT ( ) NAMED_UNIT ( #3004 ) );
#1976 = LENGTH_MEASURE_WITH_UNIT ( LENGTH_MEASURE( 0.02539999999999999897 ), #1766 );
#1977 = EDGE_CURVE ( 'NONE', #951, #1835, #1908, .T. ) ;
#1978 = CARTESIAN_POINT ( 'NONE',  ( -0.2559055118110235560, -0.2598425196850393526, -0.5511811023622046335 ) ) ;
#1979 = LINE ( 'NONE', #1716, #1333 ) ;
#1980 = VERTEX_POINT ( 'NONE', #2715 ) ;
#1981 = EDGE_CURVE ( 'NONE', #1627, #752, #755, .T. ) ;
#1982 = SURFACE_STYLE_USAGE ( .BOTH. , #1234 ) ;
#1983 =( NAMED_UNIT ( * ) SI_UNIT ( $, .STERADIAN. ) SOLID_ANGLE_UNIT ( ) );
#1984 = ORIENTED_EDGE ( 'NONE', *, *, #2622, .F. ) ;
#1985 = DIMENSIONAL_EXPONENTS ( 1.000000000000000000, 0.0000000000000000000, 0.0000000000000000000, 0.0000000000000000000, 0.0000000000000000000, 0.0000000000000000000, 0.0000000000000000000 ) ;
#1986 = AXIS2_PLACEMENT_3D ( 'NONE', #736, #767, #3141 ) ;
#1987 = ORIENTED_EDGE ( 'NONE', *, *, #956, .F. ) ;
#1988 =( CONVERSION_BASED_UNIT ( 'INCH', #2436 ) LENGTH_UNIT ( ) NAMED_UNIT ( #639 ) );
#1989 = SURFACE_STYLE_USAGE ( .BOTH. , #1493 ) ;
#1990 = CARTESIAN_POINT ( 'NONE',  ( -0.06496062992125906099, -0.1909448818897638289, -0.5433070866141732624 ) ) ;
#1991 = EDGE_LOOP ( 'NONE', ( #2420, #43, #1315, #1590 ) ) ;
#1992 = CARTESIAN_POINT ( 'NONE',  ( -0.2559055118110235560, -0.2440944881889763884, -0.5708661417322834497 ) ) ;
#1993 = UNCERTAINTY_MEASURE_WITH_UNIT (LENGTH_MEASURE( 1.000000000000000082E-05 ), #2410, 'distance_accuracy_value', 'NONE');
#1994 =( NAMED_UNIT ( * ) PLANE_ANGLE_UNIT ( ) SI_UNIT ( $, .RADIAN. ) );
#1995 = ORIENTED_EDGE ( 'NONE', *, *, #2593, .T. ) ;
#1996 = EDGE_CURVE ( 'NONE', #1906, #540, #1751, .T. ) ;
#1997 = VECTOR ( 'NONE', #1898, 39.37007874015748143 ) ;
#1998 = CARTESIAN_POINT ( 'NONE',  ( 0.0000000000000000000, 0.0000000000000000000, -0.09842519685039372024 ) ) ;
#1999 =( NAMED_UNIT ( * ) SI_UNIT ( $, .STERADIAN. ) SOLID_ANGLE_UNIT ( ) );
#2000 = MECHANICAL_DESIGN_GEOMETRIC_PRESENTATION_REPRESENTATION (  '', ( #1592 ), #1639 ) ;
#2001 = LENGTH_MEASURE_WITH_UNIT ( LENGTH_MEASURE( 0.02539999999999999897 ), #1472 );
#2002 = MECHANICAL_DESIGN_GEOMETRIC_PRESENTATION_REPRESENTATION (  '', ( #1176 ), #4 ) ;
#2003 = CIRCLE ( 'NONE', #3109, 0.02559055118109769891 ) ;
#2004 = ORIENTED_EDGE ( 'NONE', *, *, #2280, .T. ) ;
#2005 = FILL_AREA_STYLE ('',( #1712 ) ) ;
#2006 = CARTESIAN_POINT ( 'NONE',  ( -0.06496062992125904711, -0.06496062992125985203, -0.5511811023622047445 ) ) ;
#2007 = PRESENTATION_STYLE_ASSIGNMENT (( #806 ) ) ;
#2008 = CIRCLE ( 'NONE', #981, 0.1633858267716535584 ) ;
#2009 = MECHANICAL_DESIGN_GEOMETRIC_PRESENTATION_REPRESENTATION (  '', ( #526 ), #3064 ) ;
#2010 = CARTESIAN_POINT ( 'NONE',  ( -0.2559055118110235560, -0.2598425196850393526, -0.5905511811023621549 ) ) ;
#2011 =( LENGTH_UNIT ( ) NAMED_UNIT ( * ) SI_UNIT ( $, .METRE. ) );
#2012 = ORIENTED_EDGE ( 'NONE', *, *, #3032, .F. ) ;
#2013 = PRESENTATION_LAYER_ASSIGNMENT (  '', '', ( #2202 ) ) ;
#2014 = CARTESIAN_POINT ( 'NONE',  ( -0.1633858267716535584, 2.000899297819494236E-17, -0.3267716535433071168 ) ) ;
#2015 = VECTOR ( 'NONE', #2244, 39.37007874015748143 ) ;
#2016 = VERTEX_POINT ( 'NONE', #1978 ) ;
#2017 = EDGE_CURVE ( 'NONE', #1055, #2615, #1, .T. ) ;
#2018 =( LENGTH_UNIT ( ) NAMED_UNIT ( * ) SI_UNIT ( $, .METRE. ) );
#2019 = LINE ( 'NONE', #1580, #717 ) ;
#2020 = ORIENTED_EDGE ( 'NONE', *, *, #1287, .F. ) ;
#2021 = PRESENTATION_STYLE_ASSIGNMENT (( #2702 ) ) ;
#2022 = DIRECTION ( 'NONE',  ( 1.000000000000000000, 0.0000000000000000000, 0.0000000000000000000 ) ) ;
#2023 = DIMENSIONAL_EXPONENTS ( 1.000000000000000000, 0.0000000000000000000, 0.0000000000000000000, 0.0000000000000000000, 0.0000000000000000000, 0.0000000000000000000, 0.0000000000000000000 ) ;
#2024 = CARTESIAN_POINT ( 'NONE',  ( -0.02559055118110157775, -0.2519685039370078705, -0.5669291338582724826 ) ) ;
#2025 = ORIENTED_EDGE ( 'NONE', *, *, #2017, .F. ) ;
#2026 =( NAMED_UNIT ( * ) SI_UNIT ( $, .STERADIAN. ) SOLID_ANGLE_UNIT ( ) );
#2027 = DIRECTION ( 'NONE',  ( 0.0000000000000000000, -0.7071067811865462405, -0.7071067811865486830 ) ) ;
#2028 = ORIENTED_EDGE ( 'NONE', *, *, #2262, .T. ) ;
#2029 = SURFACE_STYLE_FILL_AREA ( #1289 ) ;
#2030 = SURFACE_STYLE_FILL_AREA ( #2065 ) ;
#2031 = COLOUR_RGB ( '',0.7529411764705882248, 0.7529411764705882248, 0.7529411764705882248 ) ;
#2032 =( CONVERSION_BASED_UNIT ( 'INCH', #79 ) LENGTH_UNIT ( ) NAMED_UNIT ( #2730 ) );
#2033 = LINE ( 'NONE', #1529, #656 ) ;
#2034 = FACE_BOUND ( 'NONE', #1457, .T. ) ;
#2035 =( GEOMETRIC_REPRESENTATION_CONTEXT ( 3 ) GLOBAL_UNCERTAINTY_ASSIGNED_CONTEXT ( ( #1936 ) ) GLOBAL_UNIT_ASSIGNED_CONTEXT ( ( #2632, #1426, #889 ) ) REPRESENTATION_CONTEXT ( 'NONE', 'WORKASPACE' ) );
#2036 = SURFACE_SIDE_STYLE ('',( #1076 ) ) ;
#2037 = CARTESIAN_POINT ( 'NONE',  ( -0.2007874015748030982, 0.2165354330708662289, -0.3425196850393700809 ) ) ;
#2038 = ORIENTED_EDGE ( 'NONE', *, *, #2693, .F. ) ;
#2039 = EDGE_CURVE ( 'NONE', #2224, #2502, #2692, .T. ) ;
#2040 = ORIENTED_EDGE ( 'NONE', *, *, #402, .T. ) ;
#2041 = PRESENTATION_LAYER_ASSIGNMENT (  '', '', ( #1368 ) ) ;
#2042 =( LENGTH_UNIT ( ) NAMED_UNIT ( * ) SI_UNIT ( $, .METRE. ) );
#2043 = DIRECTION ( 'NONE',  ( 0.7071067811865465735, -0.7071067811865483499, 0.0000000000000000000 ) ) ;
#2044 =( NAMED_UNIT ( * ) PLANE_ANGLE_UNIT ( ) SI_UNIT ( $, .RADIAN. ) );
#2045 = AXIS2_PLACEMENT_3D ( 'NONE', #2621, #1677, #3083 ) ;
#2046 = MECHANICAL_DESIGN_GEOMETRIC_PRESENTATION_REPRESENTATION (  '', ( #2397 ), #2349 ) ;
#2047 = LENGTH_MEASURE_WITH_UNIT ( LENGTH_MEASURE( 0.02539999999999999897 ), #349 );
#2048 = DIRECTION ( 'NONE',  ( -1.000000000000000000, 0.0000000000000000000, 0.0000000000000000000 ) ) ;
#2049 =( NAMED_UNIT ( * ) SI_UNIT ( $, .STERADIAN. ) SOLID_ANGLE_UNIT ( ) );
#2050 = VECTOR ( 'NONE', #1532, 39.37007874015748143 ) ;
#2051 = VECTOR ( 'NONE', #2485, 39.37007874015748143 ) ;
#2052 = ADVANCED_FACE ( 'NONE', ( #1278 ), #1231, .T. ) ;
#2053 = AXIS2_PLACEMENT_3D ( 'NONE', #2311, #2122, #2572 ) ;
#2054 = EDGE_LOOP ( 'NONE', ( #34, #1422, #901, #797, #649, #1047 ) ) ;
#2055 = CARTESIAN_POINT ( 'NONE',  ( -0.1633858267716535584, 2.000899297819494236E-17, -0.3818897637795276023 ) ) ;
#2056 = AXIS2_PLACEMENT_3D ( 'NONE', #1344, #1113, #1861 ) ;
#2057 = UNCERTAINTY_MEASURE_WITH_UNIT (LENGTH_MEASURE( 1.000000000000000082E-05 ), #2365, 'distance_accuracy_value', 'NONE');
#2058 = DIRECTION ( 'NONE',  ( 0.0000000000000000000, -1.000000000000000000, 0.0000000000000000000 ) ) ;
#2059 = DIRECTION ( 'NONE',  ( 1.000000000000000000, 0.0000000000000000000, 0.0000000000000000000 ) ) ;
#2060 = ORIENTED_EDGE ( 'NONE', *, *, #1223, .F. ) ;
#2061 = COLOUR_RGB ( '',0.7529411764705882248, 0.7529411764705882248, 0.7529411764705882248 ) ;
#2062 = DIRECTION ( 'NONE',  ( 0.0000000000000000000, 0.0000000000000000000, 1.000000000000000000 ) ) ;
#2063 =( LENGTH_UNIT ( ) NAMED_UNIT ( * ) SI_UNIT ( $, .METRE. ) );
#2064 = LENGTH_MEASURE_WITH_UNIT ( LENGTH_MEASURE( 0.02539999999999999897 ), #1070 );
#2065 = FILL_AREA_STYLE ('',( #109 ) ) ;
#2066 = CARTESIAN_POINT ( 'NONE',  ( -0.2007874015748030982, -0.2598425196850393526, -0.5905511811023621549 ) ) ;
#2067 = DIRECTION ( 'NONE',  ( 0.0000000000000000000, -1.000000000000000000, 0.0000000000000000000 ) ) ;
#2068 = CYLINDRICAL_SURFACE ( 'NONE', #1119, 0.1328740157480315098 ) ;
#2069 = SURFACE_STYLE_FILL_AREA ( #2532 ) ;
#2070 = ORIENTED_EDGE ( 'NONE', *, *, #1243, .T. ) ;
#2071 = DIRECTION ( 'NONE',  ( 0.0000000000000000000, 0.0000000000000000000, 1.000000000000000000 ) ) ;
#2072 = EDGE_CURVE ( 'NONE', #3095, #1746, #2909, .T. ) ;
#2073 = PLANE ( 'NONE',  #1857 ) ;
#2074 = DIRECTION ( 'NONE',  ( 1.000000000000000000, -1.314184451497603199E-16, -3.252606517456504230E-15 ) ) ;
#2075 = EDGE_LOOP ( 'NONE', ( #2700, #748, #2979, #2272 ) ) ;
#2076 = EDGE_CURVE ( 'NONE', #1746, #2165, #517, .T. ) ;
#2077 = DIRECTION ( 'NONE',  ( 0.0000000000000000000, 0.0000000000000000000, 1.000000000000000000 ) ) ;
#2078 =( NAMED_UNIT ( * ) SI_UNIT ( $, .STERADIAN. ) SOLID_ANGLE_UNIT ( ) );
#2079 =( NAMED_UNIT ( * ) SI_UNIT ( $, .STERADIAN. ) SOLID_ANGLE_UNIT ( ) );
#2080 = CARTESIAN_POINT ( 'NONE',  ( 0.02559055118109399007, -0.3116257733778094452, -0.5433070866141732624 ) ) ;
#2081 = DIRECTION ( 'NONE',  ( 0.0000000000000000000, -1.000000000000000000, 0.0000000000000000000 ) ) ;
#2082 = CLOSED_SHELL ( 'NONE', ( #118, #853, #2973, #703, #421, #2872, #2052, #17, #605, #546, #1204, #1514, #2451, #586, #722, #2755, #2512, #740, #2768, #2113, #847, #2179, #74, #867, #2990, #361, #405, #2325, #254, #385, #998, #1926, #887, #345, #667, #2220 ) ) ;
#2083 = LENGTH_MEASURE_WITH_UNIT ( LENGTH_MEASURE( 0.02539999999999999897 ), #2577 );
#2084 = ORIENTED_EDGE ( 'NONE', *, *, #2968, .T. ) ;
#2085 = LINE ( 'NONE', #2801, #52 ) ;
#2086 = PRESENTATION_LAYER_ASSIGNMENT (  '', '', ( #2337 ) ) ;
#2087 = PLANE ( 'NONE',  #2737 ) ;
#2088 = AXIS2_PLACEMENT_3D ( 'NONE', #160, #2111, #1658 ) ;
#2089 = VERTEX_POINT ( 'NONE', #726 ) ;
#2090 = PRESENTATION_STYLE_ASSIGNMENT (( #358 ) ) ;
#2091 = ORIENTED_EDGE ( 'NONE', *, *, #1981, .F. ) ;
#2092 = AXIS2_PLACEMENT_3D ( 'NONE', #2406, #426, #643 ) ;
#2093 = EDGE_CURVE ( 'NONE', #2465, #582, #1730, .T. ) ;
#2094 =( CONVERSION_BASED_UNIT ( 'INCH', #1132 ) LENGTH_UNIT ( ) NAMED_UNIT ( #2234 ) );
#2095 = PRESENTATION_LAYER_ASSIGNMENT (  '', '', ( #968 ) ) ;
#2096 = PRESENTATION_STYLE_ASSIGNMENT (( #113 ) ) ;
#2097 = AXIS2_PLACEMENT_3D ( 'NONE', #2194, #814, #6 ) ;
#2098 = SURFACE_STYLE_USAGE ( .BOTH. , #2350 ) ;
#2099 = ORIENTED_EDGE ( 'NONE', *, *, #2789, .T. ) ;
#2100 = DIRECTION ( 'NONE',  ( 0.0000000000000000000, -1.000000000000000000, 0.0000000000000000000 ) ) ;
#2101 = AXIS2_PLACEMENT_3D ( 'NONE', #2728, #1786, #2758 ) ;
#2102 = AXIS2_PLACEMENT_3D ( 'NONE', #2172, #2392, #682 ) ;
#2103 = AXIS2_PLACEMENT_3D ( 'NONE', #925, #1938, #1439 ) ;
#2104 = MECHANICAL_DESIGN_GEOMETRIC_PRESENTATION_REPRESENTATION (  '', ( #572 ), #1909 ) ;
#2105 = VERTEX_POINT ( 'NONE', #2010 ) ;
#2106 = COLOUR_RGB ( '',0.7529411764705882248, 0.7529411764705882248, 0.7529411764705882248 ) ;
#2107 = DIRECTION ( 'NONE',  ( 0.0000000000000000000, 0.0000000000000000000, 1.000000000000000000 ) ) ;
#2108 =( GEOMETRIC_REPRESENTATION_CONTEXT ( 3 ) GLOBAL_UNCERTAINTY_ASSIGNED_CONTEXT ( ( #2176 ) ) GLOBAL_UNIT_ASSIGNED_CONTEXT ( ( #1200, #966, #2422 ) ) REPRESENTATION_CONTEXT ( 'NONE', 'WORKASPACE' ) );
#2109 = LENGTH_MEASURE_WITH_UNIT ( LENGTH_MEASURE( 0.02539999999999999897 ), #1866 );
#2110 = EDGE_LOOP ( 'NONE', ( #1203, #1214, #2012, #1507 ) ) ;
#2111 = DIRECTION ( 'NONE',  ( 0.0000000000000000000, 0.0000000000000000000, 1.000000000000000000 ) ) ;
#2112 = EDGE_CURVE ( 'NONE', #2879, #2235, #2658, .T. ) ;
#2113 = ADVANCED_FACE ( 'NONE', ( #2421 ), #2439, .T. ) ;
#2114 = SURFACE_STYLE_USAGE ( .BOTH. , #2827 ) ;
#2115 =( CONVERSION_BASED_UNIT ( 'INCH', #917 ) LENGTH_UNIT ( ) NAMED_UNIT ( #12 ) );
#2116 = LINE ( 'NONE', #1149, #65 ) ;
#2117 =( NAMED_UNIT ( * ) SI_UNIT ( $, .STERADIAN. ) SOLID_ANGLE_UNIT ( ) );
#2118 = CARTESIAN_POINT ( 'NONE',  ( 0.2165354330708673392, 0.2165354330708662289, -0.5905511811023624880 ) ) ;
#2119 = UNCERTAINTY_MEASURE_WITH_UNIT (LENGTH_MEASURE( 1.000000000000000082E-05 ), #3074, 'distance_accuracy_value', 'NONE');
#2120 =( NAMED_UNIT ( * ) PLANE_ANGLE_UNIT ( ) SI_UNIT ( $, .RADIAN. ) );
#2121 = ORIENTED_EDGE ( 'NONE', *, *, #2910, .T. ) ;
#2122 = DIRECTION ( 'NONE',  ( 0.0000000000000000000, 1.000000000000000000, 0.0000000000000000000 ) ) ;
#2123 =( NAMED_UNIT ( * ) PLANE_ANGLE_UNIT ( ) SI_UNIT ( $, .RADIAN. ) );
#2124 = ORIENTED_EDGE ( 'NONE', *, *, #1147, .T. ) ;
#2125 =( CONVERSION_BASED_UNIT ( 'INCH', #175 ) LENGTH_UNIT ( ) NAMED_UNIT ( #1567 ) );
#2126 = CARTESIAN_POINT ( 'NONE',  ( 0.02559055118109399007, -0.1909448818897638289, -0.5433070866141732624 ) ) ;
#2127 = DIRECTION ( 'NONE',  ( -0.0000000000000000000, -0.0000000000000000000, -1.000000000000000000 ) ) ;
#2128 = FILL_AREA_STYLE ('',( #411 ) ) ;
#2129 =( LENGTH_UNIT ( ) NAMED_UNIT ( * ) SI_UNIT ( $, .METRE. ) );
#2130 = EDGE_CURVE ( 'NONE', #2235, #1763, #2285, .T. ) ;
#2131 = CARTESIAN_POINT ( 'NONE',  ( -0.02559055118110163327, -0.2519685039370078705, -0.5669291338582724826 ) ) ;
#2132 = ORIENTED_EDGE ( 'NONE', *, *, #1037, .F. ) ;
#2133 = COLOUR_RGB ( '',0.7529411764705882248, 0.7529411764705882248, 0.7529411764705882248 ) ;
#2134 = SURFACE_STYLE_FILL_AREA ( #1391 ) ;
#2135 = ORIENTED_EDGE ( 'NONE', *, *, #3014, .T. ) ;
#2136 = CIRCLE ( 'NONE', #2431, 0.003937007874015758385 ) ;
#2137 =( GEOMETRIC_REPRESENTATION_CONTEXT ( 3 ) GLOBAL_UNCERTAINTY_ASSIGNED_CONTEXT ( ( #1771 ) ) GLOBAL_UNIT_ASSIGNED_CONTEXT ( ( #1239, #1271, #718 ) ) REPRESENTATION_CONTEXT ( 'NONE', 'WORKASPACE' ) );
#2138 =( NAMED_UNIT ( * ) PLANE_ANGLE_UNIT ( ) SI_UNIT ( $, .RADIAN. ) );
#2139 = DIRECTION ( 'NONE',  ( 0.0000000000000000000, 0.0000000000000000000, -1.000000000000000000 ) ) ;
#2140 = LINE ( 'NONE', #1369, #1474 ) ;
#2141 = PRESENTATION_STYLE_ASSIGNMENT (( #1697 ) ) ;
#2142 = SURFACE_SIDE_STYLE ('',( #1636 ) ) ;
#2143 = DIRECTION ( 'NONE',  ( 0.0000000000000000000, 0.0000000000000000000, -1.000000000000000000 ) ) ;
#2144 = VECTOR ( 'NONE', #2408, 39.37007874015748143 ) ;
#2145 = ADVANCED_FACE ( 'NONE', ( #809 ), #397, .T. ) ;
#2146 = EDGE_CURVE ( 'NONE', #2521, #2892, #217, .T. ) ;
#2147 = LINE ( 'NONE', #2896, #2450 ) ;
#2148 = COLOUR_RGB ( '',0.7529411764705882248, 0.7529411764705882248, 0.7529411764705882248 ) ;
#2149 = ORIENTED_EDGE ( 'NONE', *, *, #2166, .T. ) ;
#2150 = COLOUR_RGB ( '',0.7529411764705882248, 0.7529411764705882248, 0.7529411764705882248 ) ;
#2151 = AXIS2_PLACEMENT_3D ( 'NONE', #29, #2908, #1244 ) ;
#2152 = DIRECTION ( 'NONE',  ( 0.0000000000000000000, 0.0000000000000000000, -1.000000000000000000 ) ) ;
#2153 =( CONVERSION_BASED_UNIT ( 'INCH', #2402 ) LENGTH_UNIT ( ) NAMED_UNIT ( #2579 ) );
#2154 = ORIENTED_EDGE ( 'NONE', *, *, #848, .F. ) ;
#2155 = COLOUR_RGB ( '',0.7529411764705882248, 0.7529411764705882248, 0.7529411764705882248 ) ;
#2156 = PRESENTATION_STYLE_ASSIGNMENT (( #188 ) ) ;
#2157 = VECTOR ( 'NONE', #475, 39.37007874015748143 ) ;
#2158 = DIRECTION ( 'NONE',  ( 1.000000000000000000, 0.0000000000000000000, 0.0000000000000000000 ) ) ;
#2159 = FILL_AREA_STYLE_COLOUR ( '', #1219 ) ;
#2160 = COLOUR_RGB ( '',0.7529411764705882248, 0.7529411764705882248, 0.7529411764705882248 ) ;
#2161 = CARTESIAN_POINT ( 'NONE',  ( -0.06496062992125904711, -0.07283464566929134798, -0.5511811023622047445 ) ) ;
#2162 = ORIENTED_EDGE ( 'NONE', *, *, #2676, .F. ) ;
#2163 = EDGE_CURVE ( 'NONE', #102, #366, #1588, .T. ) ;
#2164 = CARTESIAN_POINT ( 'NONE',  ( 0.02559055118109399701, -0.2559055118110235560, -0.5433070866141732624 ) ) ;
#2165 = VERTEX_POINT ( 'NONE', #95 ) ;
#2166 = EDGE_CURVE ( 'NONE', #265, #1568, #2745, .T. ) ;
#2167 = SURFACE_STYLE_FILL_AREA ( #1382 ) ;
#2168 =( LENGTH_UNIT ( ) NAMED_UNIT ( * ) SI_UNIT ( $, .METRE. ) );
#2169 = EDGE_LOOP ( 'NONE', ( #1503, #167, #2276, #2 ) ) ;
#2170 = DIRECTION ( 'NONE',  ( 1.000000000000000000, 0.0000000000000000000, 0.0000000000000000000 ) ) ;
#2171 = DIRECTION ( 'NONE',  ( -1.767249541151369703E-13, -1.000000000000000000, 0.0000000000000000000 ) ) ;
#2172 = CARTESIAN_POINT ( 'NONE',  ( 0.0000000000000000000, 0.0000000000000000000, 0.0000000000000000000 ) ) ;
#2173 = UNCERTAINTY_MEASURE_WITH_UNIT (LENGTH_MEASURE( 1.000000000000000082E-05 ), #291, 'distance_accuracy_value', 'NONE');
#2174 = CARTESIAN_POINT ( 'NONE',  ( -0.02559055118110156041, -0.1909448818897638289, -0.5433070866141732624 ) ) ;
#2175 = ORIENTED_EDGE ( 'NONE', *, *, #3113, .F. ) ;
#2176 = UNCERTAINTY_MEASURE_WITH_UNIT (LENGTH_MEASURE( 1.000000000000000082E-05 ), #1200, 'distance_accuracy_value', 'NONE');
#2177 = ORIENTED_EDGE ( 'NONE', *, *, #2265, .T. ) ;
#2178 = STYLED_ITEM ( 'NONE', ( #957 ), #385 ) ;
#2179 = ADVANCED_FACE ( 'NONE', ( #2270 ), #2317, .T. ) ;
#2180 = STYLED_ITEM ( 'NONE', ( #872 ), #630 ) ;
#2181 = SURFACE_STYLE_FILL_AREA ( #2449 ) ;
#2182 = MECHANICAL_DESIGN_GEOMETRIC_PRESENTATION_REPRESENTATION (  '', ( #2233 ), #2137 ) ;
#2183 = DIRECTION ( 'NONE',  ( -1.000000000000000000, 0.0000000000000000000, 0.0000000000000000000 ) ) ;
#2184 = ORIENTED_EDGE ( 'NONE', *, *, #602, .T. ) ;
#2185 = SURFACE_STYLE_USAGE ( .BOTH. , #804 ) ;
#2186 = FILL_AREA_STYLE_COLOUR ( '', #409 ) ;
#2187 = COLOUR_RGB ( '',0.7529411764705882248, 0.7529411764705882248, 0.7529411764705882248 ) ;
#2188 = DIRECTION ( 'NONE',  ( -1.000000000000000000, 0.0000000000000000000, 0.0000000000000000000 ) ) ;
#2189 = LINE ( 'NONE', #792, #1424 ) ;
#2190 =( LENGTH_UNIT ( ) NAMED_UNIT ( * ) SI_UNIT ( $, .METRE. ) );
#2191 = VERTEX_POINT ( 'NONE', #1930 ) ;
#2192 = DIRECTION ( 'NONE',  ( 1.000000000000000000, 1.807003620809174632E-16, 0.0000000000000000000 ) ) ;
#2193 = MECHANICAL_DESIGN_GEOMETRIC_PRESENTATION_REPRESENTATION (  '', ( #1638 ), #112 ) ;
#2194 = CARTESIAN_POINT ( 'NONE',  ( 0.02559055118109394497, -0.2559055118110235560, -0.5472440944881890035 ) ) ;
#2195 = CARTESIAN_POINT ( 'NONE',  ( 0.06496062992125845037, -0.1515748031496270409, -0.5433070866141732624 ) ) ;
#2196 = EDGE_LOOP ( 'NONE', ( #700, #231, #1840, #1389, #3027, #1769 ) ) ;
#2197 = DIMENSIONAL_EXPONENTS ( 1.000000000000000000, 0.0000000000000000000, 0.0000000000000000000, 0.0000000000000000000, 0.0000000000000000000, 0.0000000000000000000, 0.0000000000000000000 ) ;
#2198 = COLOUR_RGB ( '',0.7529411764705882248, 0.7529411764705882248, 0.7529411764705882248 ) ;
#2199 = STYLED_ITEM ( 'NONE', ( #482 ), #2325 ) ;
#2200 = AXIS2_PLACEMENT_3D ( 'NONE', #1082, #2074, #637 ) ;
#2201 = ORIENTED_EDGE ( 'NONE', *, *, #3071, .T. ) ;
#2202 = STYLED_ITEM ( 'NONE', ( #1094 ), #2872 ) ;
#2203 = CARTESIAN_POINT ( 'NONE',  ( 0.01968503937007873988, -0.2559055118110235560, -0.3267716535433071168 ) ) ;
#2204 = AXIS2_PLACEMENT_3D ( 'NONE', #1776, #785, #26 ) ;
#2205 = DIRECTION ( 'NONE',  ( 1.000000000000000000, 0.0000000000000000000, 0.0000000000000000000 ) ) ;
#2206 = CARTESIAN_POINT ( 'NONE',  ( -3.905688928441876613E-15, -0.2519685039370078705, -0.5669291338582725936 ) ) ;
#2207 = ORIENTED_EDGE ( 'NONE', *, *, #2818, .F. ) ;
#2208 = SURFACE_STYLE_USAGE ( .BOTH. , #1463 ) ;
#2209 = UNCERTAINTY_MEASURE_WITH_UNIT (LENGTH_MEASURE( 1.000000000000000082E-05 ), #668, 'distance_accuracy_value', 'NONE');
#2210 = DIRECTION ( 'NONE',  ( 1.000000000000000000, 0.0000000000000000000, 9.130123557772670060E-16 ) ) ;
#2211 =( LENGTH_UNIT ( ) NAMED_UNIT ( * ) SI_UNIT ( $, .METRE. ) );
#2212 = VERTEX_POINT ( 'NONE', #3073 ) ;
#2213 = DIRECTION ( 'NONE',  ( 0.0000000000000000000, 0.0000000000000000000, 1.000000000000000000 ) ) ;
#2214 = FILL_AREA_STYLE_COLOUR ( '', #2430 ) ;
#2215 = DIMENSIONAL_EXPONENTS ( 1.000000000000000000, 0.0000000000000000000, 0.0000000000000000000, 0.0000000000000000000, 0.0000000000000000000, 0.0000000000000000000, 0.0000000000000000000 ) ;
#2216 = ORIENTED_EDGE ( 'NONE', *, *, #1243, .F. ) ;
#2217 = SURFACE_STYLE_FILL_AREA ( #258 ) ;
#2218 = FACE_OUTER_BOUND ( 'NONE', #271, .T. ) ;
#2219 = DIRECTION ( 'NONE',  ( 1.000000000000000000, 0.0000000000000000000, 0.0000000000000000000 ) ) ;
#2220 = ADVANCED_FACE ( 'NONE', ( #1617 ), #191, .T. ) ;
#2221 = DIRECTION ( 'NONE',  ( 0.0000000000000000000, 1.000000000000000000, 0.0000000000000000000 ) ) ;
#2222 = ORIENTED_EDGE ( 'NONE', *, *, #2549, .F. ) ;
#2223 = CARTESIAN_POINT ( 'NONE',  ( -0.2165354330708661457, -0.2440944881889763884, -0.3425196850393700809 ) ) ;
#2224 = VERTEX_POINT ( 'NONE', #659 ) ;
#2225 = LINE ( 'NONE', #765, #2456 ) ;
#2226 = SURFACE_STYLE_FILL_AREA ( #1441 ) ;
#2227 = VECTOR ( 'NONE', #562, 39.37007874015748143 ) ;
#2228 = ORIENTED_EDGE ( 'NONE', *, *, #2455, .T. ) ;
#2229 = FILL_AREA_STYLE_COLOUR ( '', #1293 ) ;
#2230 = FILL_AREA_STYLE ('',( #47 ) ) ;
#2231 = COLOUR_RGB ( '',0.7529411764705882248, 0.7529411764705882248, 0.7529411764705882248 ) ;
#2232 = CARTESIAN_POINT ( 'NONE',  ( 0.0000000000000000000, 0.0000000000000000000, -0.3818897637795276023 ) ) ;
#2233 = STYLED_ITEM ( 'NONE', ( #1613 ), #722 ) ;
#2234 = DIMENSIONAL_EXPONENTS ( 1.000000000000000000, 0.0000000000000000000, 0.0000000000000000000, 0.0000000000000000000, 0.0000000000000000000, 0.0000000000000000000, 0.0000000000000000000 ) ;
#2235 = VERTEX_POINT ( 'NONE', #429 ) ;
#2236 = LENGTH_MEASURE_WITH_UNIT ( LENGTH_MEASURE( 0.02539999999999999897 ), #2705 );
#2237 = EDGE_CURVE ( 'NONE', #1855, #1055, #1917, .T. ) ;
#2238 = UNCERTAINTY_MEASURE_WITH_UNIT (LENGTH_MEASURE( 1.000000000000000082E-05 ), #1281, 'distance_accuracy_value', 'NONE');
#2239 = DIRECTION ( 'NONE',  ( 0.0000000000000000000, -1.000000000000000000, 0.0000000000000000000 ) ) ;
#2240 = CARTESIAN_POINT ( 'NONE',  ( -0.02559055118110155000, -0.2559055118110235560, -0.5433070866141732624 ) ) ;
#2241 = ORIENTED_EDGE ( 'NONE', *, *, #2637, .T. ) ;
#2242 = VECTOR ( 'NONE', #220, 39.37007874015748143 ) ;
#2243 =( NAMED_UNIT ( * ) PLANE_ANGLE_UNIT ( ) SI_UNIT ( $, .RADIAN. ) );
#2244 = DIRECTION ( 'NONE',  ( 0.0000000000000000000, 0.0000000000000000000, 1.000000000000000000 ) ) ;
#2245 = CARTESIAN_POINT ( 'NONE',  ( 0.06496062992125845037, -0.07283464566929136186, -0.5393700787401576324 ) ) ;
#2246 = AXIS2_PLACEMENT_3D ( 'NONE', #2599, #3105, #902 ) ;
#2247 = COLOUR_RGB ( '',0.7529411764705882248, 0.7529411764705882248, 0.7529411764705882248 ) ;
#2248 = ORIENTED_EDGE ( 'NONE', *, *, #1642, .T. ) ;
#2249 = CARTESIAN_POINT ( 'NONE',  ( 0.02559055118109391722, -0.2519685039370078705, -0.5925196850393701364 ) ) ;
#2250 = SURFACE_SIDE_STYLE ('',( #1974 ) ) ;
#2251 = DIRECTION ( 'NONE',  ( -3.252606517456504230E-15, 0.0000000000000000000, -1.000000000000000000 ) ) ;
#2252 = STYLED_ITEM ( 'NONE', ( #2821 ), #2522 ) ;
#2253 = DIRECTION ( 'NONE',  ( 0.0000000000000000000, 0.0000000000000000000, 1.000000000000000000 ) ) ;
#2254 = PLANE ( 'NONE',  #9 ) ;
#2255 = EDGE_LOOP ( 'NONE', ( #2870, #666, #1349, #2822 ) ) ;
#2256 = CIRCLE ( 'NONE', #1544, 0.07283464566929134798 ) ;
#2257 = COLOUR_RGB ( '',1.000000000000000000, 1.000000000000000000, 0.3607843137254901911 ) ;
#2258 = EDGE_LOOP ( 'NONE', ( #2091, #1117, #1331, #308 ) ) ;
#2259 = DIMENSIONAL_EXPONENTS ( 1.000000000000000000, 0.0000000000000000000, 0.0000000000000000000, 0.0000000000000000000, 0.0000000000000000000, 0.0000000000000000000, 0.0000000000000000000 ) ;
#2260 = SURFACE_SIDE_STYLE ('',( #2029 ) ) ;
#2261 = FACE_OUTER_BOUND ( 'NONE', #2169, .T. ) ;
#2262 = EDGE_CURVE ( 'NONE', #500, #1722, #2140, .T. ) ;
#2263 = SURFACE_STYLE_FILL_AREA ( #801 ) ;
#2264 = LENGTH_MEASURE_WITH_UNIT ( LENGTH_MEASURE( 0.02539999999999999897 ), #575 );
#2265 = EDGE_CURVE ( 'NONE', #476, #1195, #928, .T. ) ;
#2266 = EDGE_LOOP ( 'NONE', ( #1226, #2626, #25, #123, #3118, #3052, #1965, #614 ) ) ;
#2267 = FILL_AREA_STYLE ('',( #2562 ) ) ;
#2268 = DIRECTION ( 'NONE',  ( 0.0000000000000000000, 0.0000000000000000000, 1.000000000000000000 ) ) ;
#2269 = DIRECTION ( 'NONE',  ( 0.0000000000000000000, 1.000000000000000000, 0.0000000000000000000 ) ) ;
#2270 = FACE_OUTER_BOUND ( 'NONE', #441, .T. ) ;
#2271 = DIRECTION ( 'NONE',  ( 0.0000000000000000000, 0.0000000000000000000, -1.000000000000000000 ) ) ;
#2272 = ORIENTED_EDGE ( 'NONE', *, *, #2112, .F. ) ;
#2273 = SURFACE_STYLE_FILL_AREA ( #1249 ) ;
#2274 = UNCERTAINTY_MEASURE_WITH_UNIT (LENGTH_MEASURE( 1.000000000000000082E-05 ), #750, 'distance_accuracy_value', 'NONE');
#2275 = DIRECTION ( 'NONE',  ( -1.000000000000000000, 0.0000000000000000000, 0.0000000000000000000 ) ) ;
#2276 = ORIENTED_EDGE ( 'NONE', *, *, #2656, .T. ) ;
#2277 = FILL_AREA_STYLE_COLOUR ( '', #165 ) ;
#2278 =( NAMED_UNIT ( * ) SI_UNIT ( $, .STERADIAN. ) SOLID_ANGLE_UNIT ( ) );
#2279 = DIMENSIONAL_EXPONENTS ( 1.000000000000000000, 0.0000000000000000000, 0.0000000000000000000, 0.0000000000000000000, 0.0000000000000000000, 0.0000000000000000000, 0.0000000000000000000 ) ;
#2280 = EDGE_CURVE ( 'NONE', #86, #2016, #677, .T. ) ;
#2281 = VECTOR ( 'NONE', #427, 39.37007874015748143 ) ;
#2282 = CARTESIAN_POINT ( 'NONE',  ( 0.06496062992125983815, -0.06496062992125985203, -0.3267716535433071168 ) ) ;
#2283 = CARTESIAN_POINT ( 'NONE',  ( 0.2165354330708661457, -0.2440944881889763884, -0.5511811023622049666 ) ) ;
#2284 = LENGTH_MEASURE_WITH_UNIT ( LENGTH_MEASURE( 0.02539999999999999897 ), #891 );
#2285 = LINE ( 'NONE', #1059, #3002 ) ;
#2286 = LINE ( 'NONE', #1327, #783 ) ;
#2287 = ORIENTED_EDGE ( 'NONE', *, *, #1073, .F. ) ;
#2288 = STYLED_ITEM ( 'NONE', ( #1045 ), #586 ) ;
#2289 = SURFACE_SIDE_STYLE ('',( #846 ) ) ;
#2290 = LINE ( 'NONE', #3090, #963 ) ;
#2291 = FILL_AREA_STYLE_COLOUR ( '', #719 ) ;
#2292 = ORIENTED_EDGE ( 'NONE', *, *, #1619, .F. ) ;
#2293 = CIRCLE ( 'NONE', #2345, 0.07283464566929134798 ) ;
#2294 = FILL_AREA_STYLE_COLOUR ( '', #522 ) ;
#2295 = FACE_OUTER_BOUND ( 'NONE', #1173, .T. ) ;
#2296 = CIRCLE ( 'NONE', #1808, 0.1633858267716535584 ) ;
#2297 = PRESENTATION_LAYER_ASSIGNMENT (  '', '', ( #2495 ) ) ;
#2298 = EDGE_CURVE ( 'NONE', #2901, #2966, #934, .T. ) ;
#2299 = DIRECTION ( 'NONE',  ( 0.0000000000000000000, 0.0000000000000000000, -1.000000000000000000 ) ) ;
#2300 = STYLED_ITEM ( 'NONE', ( #2993 ), #2179 ) ;
#2301 = FILL_AREA_STYLE ('',( #1356 ) ) ;
#2302 = COLOUR_RGB ( '',0.7529411764705882248, 0.7529411764705882248, 0.7529411764705882248 ) ;
#2303 = ORIENTED_EDGE ( 'NONE', *, *, #1582, .F. ) ;
#2304 = ADVANCED_FACE ( 'NONE', ( #1148 ), #1162, .T. ) ;
#2305 = CARTESIAN_POINT ( 'NONE',  ( 0.02559055118109376456, -0.2519685039370078705, -0.5669291338582728157 ) ) ;
#2306 = UNCERTAINTY_MEASURE_WITH_UNIT (LENGTH_MEASURE( 1.000000000000000082E-05 ), #1842, 'distance_accuracy_value', 'NONE');
#2307 = DIRECTION ( 'NONE',  ( 0.0000000000000000000, -1.000000000000000000, 0.0000000000000000000 ) ) ;
#2308 = VERTEX_POINT ( 'NONE', #2889 ) ;
#2309 =( GEOMETRIC_REPRESENTATION_CONTEXT ( 3 ) GLOBAL_UNCERTAINTY_ASSIGNED_CONTEXT ( ( #2865 ) ) GLOBAL_UNIT_ASSIGNED_CONTEXT ( ( #2767, #2123, #1348 ) ) REPRESENTATION_CONTEXT ( 'NONE', 'WORKASPACE' ) );
#2310 = SURFACE_STYLE_USAGE ( .BOTH. , #1130 ) ;
#2311 = CARTESIAN_POINT ( 'NONE',  ( -0.2007874015748030982, -0.2440944881889763884, -0.5905511811023621549 ) ) ;
#2312 =( LENGTH_UNIT ( ) NAMED_UNIT ( * ) SI_UNIT ( $, .METRE. ) );
#2313 = SURFACE_STYLE_USAGE ( .BOTH. , #346 ) ;
#2314 =( CONVERSION_BASED_UNIT ( 'INCH', #2264 ) LENGTH_UNIT ( ) NAMED_UNIT ( #1732 ) );
#2315 = LINE ( 'NONE', #1120, #600 ) ;
#2316 = DIRECTION ( 'NONE',  ( -1.000000000000000000, -0.0000000000000000000, -0.0000000000000000000 ) ) ;
#2317 = PLANE ( 'NONE',  #2498 ) ;
#2318 = ORIENTED_EDGE ( 'NONE', *, *, #1147, .F. ) ;
#2319 = DIRECTION ( 'NONE',  ( 0.0000000000000000000, 0.0000000000000000000, 1.000000000000000000 ) ) ;
#2320 = ADVANCED_FACE ( 'NONE', ( #1559, #1794 ), #818, .T. ) ;
#2321 =( LENGTH_UNIT ( ) NAMED_UNIT ( * ) SI_UNIT ( $, .METRE. ) );
#2322 = PLANE ( 'NONE',  #2200 ) ;
#2323 = ORIENTED_EDGE ( 'NONE', *, *, #2566, .F. ) ;
#2324 = DIMENSIONAL_EXPONENTS ( 1.000000000000000000, 0.0000000000000000000, 0.0000000000000000000, 0.0000000000000000000, 0.0000000000000000000, 0.0000000000000000000, 0.0000000000000000000 ) ;
#2325 = ADVANCED_FACE ( 'NONE', ( #1546 ), #1695, .T. ) ;
#2326 = CARTESIAN_POINT ( 'NONE',  ( 0.0000000000000000000, 0.0000000000000000000, -0.3818897637795276023 ) ) ;
#2327 = SURFACE_STYLE_USAGE ( .BOTH. , #1347 ) ;
#2328 = ORIENTED_EDGE ( 'NONE', *, *, #1816, .F. ) ;
#2329 = DIRECTION ( 'NONE',  ( 1.000000000000000000, 0.0000000000000000000, 0.0000000000000000000 ) ) ;
#2330 =( NAMED_UNIT ( * ) SI_UNIT ( $, .STERADIAN. ) SOLID_ANGLE_UNIT ( ) );
#2331 = AXIS2_PLACEMENT_3D ( 'NONE', #545, #1446, #243 ) ;
#2332 = PRESENTATION_STYLE_ASSIGNMENT (( #31 ) ) ;
#2333 = SURFACE_SIDE_STYLE ('',( #3026 ) ) ;
#2334 = ORIENTED_EDGE ( 'NONE', *, *, #1843, .F. ) ;
#2335 = DIRECTION ( 'NONE',  ( 1.000000000000000000, 0.0000000000000000000, 0.0000000000000000000 ) ) ;
#2336 = DIRECTION ( 'NONE',  ( 1.000000000000000000, 0.0000000000000000000, 0.0000000000000000000 ) ) ;
#2337 = STYLED_ITEM ( 'NONE', ( #802 ), #405 ) ;
#2338 = CIRCLE ( 'NONE', #2882, 0.07283464566929134798 ) ;
#2339 = DIRECTION ( 'NONE',  ( 0.0000000000000000000, 0.0000000000000000000, -1.000000000000000000 ) ) ;
#2340 = ORIENTED_EDGE ( 'NONE', *, *, #1761, .F. ) ;
#2341 = MECHANICAL_DESIGN_GEOMETRIC_PRESENTATION_REPRESENTATION (  '', ( #2886 ), #1366 ) ;
#2342 = DIRECTION ( 'NONE',  ( 0.0000000000000000000, -1.000000000000000000, 0.0000000000000000000 ) ) ;
#2343 = SURFACE_STYLE_FILL_AREA ( #3078 ) ;
#2344 = ORIENTED_EDGE ( 'NONE', *, *, #1453, .T. ) ;
#2345 = AXIS2_PLACEMENT_3D ( 'NONE', #266, #776, #519 ) ;
#2346 = DIRECTION ( 'NONE',  ( -1.000000000000000000, 0.0000000000000000000, 0.0000000000000000000 ) ) ;
#2347 = CARTESIAN_POINT ( 'NONE',  ( -0.02559055118110158469, -0.3116257733778094452, -0.5511811023622047445 ) ) ;
#2348 = LINE ( 'NONE', #658, #2393 ) ;
#2349 =( GEOMETRIC_REPRESENTATION_CONTEXT ( 3 ) GLOBAL_UNCERTAINTY_ASSIGNED_CONTEXT ( ( #616 ) ) GLOBAL_UNIT_ASSIGNED_CONTEXT ( ( #153, #3029, #1607 ) ) REPRESENTATION_CONTEXT ( 'NONE', 'WORKASPACE' ) );
#2350 = SURFACE_SIDE_STYLE ('',( #3086 ) ) ;
#2351 = DIRECTION ( 'NONE',  ( 1.000000000000000000, 0.0000000000000000000, 0.0000000000000000000 ) ) ;
#2352 = ORIENTED_EDGE ( 'NONE', *, *, #2523, .T. ) ;
#2353 = DIRECTION ( 'NONE',  ( 0.0000000000000000000, 0.0000000000000000000, 1.000000000000000000 ) ) ;
#2354 = PRESENTATION_LAYER_ASSIGNMENT (  '', '', ( #3055 ) ) ;
#2355 = AXIS2_PLACEMENT_3D ( 'NONE', #2412, #2143, #2188 ) ;
#2356 = FACE_OUTER_BOUND ( 'NONE', #525, .T. ) ;
#2357 = EDGE_LOOP ( 'NONE', ( #2328, #62, #2946, #1186 ) ) ;
#2358 = MECHANICAL_DESIGN_GEOMETRIC_PRESENTATION_REPRESENTATION (  '', ( #2252 ), #1480 ) ;
#2359 = CARTESIAN_POINT ( 'NONE',  ( -0.2165354330708661457, 0.2165354330708662289, -0.3425196850393700809 ) ) ;
#2360 = CARTESIAN_POINT ( 'NONE',  ( -0.06496062992125904711, -0.07283464566929134798, -0.5511811023622047445 ) ) ;
#2361 = LENGTH_MEASURE_WITH_UNIT ( LENGTH_MEASURE( 0.02539999999999999897 ), #2312 );
#2362 = PRESENTATION_LAYER_ASSIGNMENT (  '', '', ( #172 ) ) ;
#2363 = EDGE_CURVE ( 'NONE', #752, #2372, #2008, .T. ) ;
#2364 = DIRECTION ( 'NONE',  ( -1.807003620809174632E-16, 1.000000000000000000, 0.0000000000000000000 ) ) ;
#2365 =( CONVERSION_BASED_UNIT ( 'INCH', #445 ) LENGTH_UNIT ( ) NAMED_UNIT ( #549 ) );
#2366 = CARTESIAN_POINT ( 'NONE',  ( -0.02559055118110156041, -0.2598425196850393526, -0.5472440944881890035 ) ) ;
#2367 = DIRECTION ( 'NONE',  ( 0.0000000000000000000, -1.000000000000000000, 0.0000000000000000000 ) ) ;
#2368 = PLANE ( 'NONE',  #3036 ) ;
#2369 = FILL_AREA_STYLE ('',( #2893 ) ) ;
#2370 = LINE ( 'NONE', #950, #880 ) ;
#2371 = CARTESIAN_POINT ( 'NONE',  ( 0.07283464566929134798, 0.0000000000000000000, -0.3267716535433071168 ) ) ;
#2372 = VERTEX_POINT ( 'NONE', #392 ) ;
#2373 = ORIENTED_EDGE ( 'NONE', *, *, #2731, .T. ) ;
#2374 = DIRECTION ( 'NONE',  ( -1.000000000000000000, 0.0000000000000000000, 0.0000000000000000000 ) ) ;
#2375 = FACE_OUTER_BOUND ( 'NONE', #811, .T. ) ;
#2376 = ADVANCED_FACE ( 'NONE', ( #621 ), #640, .F. ) ;
#2377 = PRESENTATION_STYLE_ASSIGNMENT (( #2098 ) ) ;
#2378 = CYLINDRICAL_SURFACE ( 'NONE', #2409, 0.1328740157480316209 ) ;
#2379 = LINE ( 'NONE', #2850, #2242 ) ;
#2380 = ORIENTED_EDGE ( 'NONE', *, *, #2363, .T. ) ;
#2381 = DIRECTION ( 'NONE',  ( 0.0000000000000000000, 0.0000000000000000000, -1.000000000000000000 ) ) ;
#2382 =( GEOMETRIC_REPRESENTATION_CONTEXT ( 3 ) GLOBAL_UNCERTAINTY_ASSIGNED_CONTEXT ( ( #2057 ) ) GLOBAL_UNIT_ASSIGNED_CONTEXT ( ( #2365, #1630, #1159 ) ) REPRESENTATION_CONTEXT ( 'NONE', 'WORKASPACE' ) );
#2383 = EDGE_LOOP ( 'NONE', ( #599, #1262, #2482, #302 ) ) ;
#2384 = DIRECTION ( 'NONE',  ( -1.000000000000000000, 0.0000000000000000000, 0.0000000000000000000 ) ) ;
#2385 = AXIS2_PLACEMENT_3D ( 'NONE', #1584, #1601, #1799 ) ;
#2386 = CYLINDRICAL_SURFACE ( 'NONE', #1986, 0.01968503937007875723 ) ;
#2387 = AXIS2_PLACEMENT_3D ( 'NONE', #859, #2100, #1096 ) ;
#2388 = DIRECTION ( 'NONE',  ( -1.000000000000000000, 0.0000000000000000000, 0.0000000000000000000 ) ) ;
#2389 = EDGE_CURVE ( 'NONE', #2165, #816, #1599, .T. ) ;
#2390 = CARTESIAN_POINT ( 'NONE',  ( 4.268512490100411279E-18, -0.2834645669291337988, -0.3425196850393700809 ) ) ;
#2391 = VERTEX_POINT ( 'NONE', #1831 ) ;
#2392 = DIRECTION ( 'NONE',  ( 0.0000000000000000000, 0.0000000000000000000, 1.000000000000000000 ) ) ;
#2393 = VECTOR ( 'NONE', #2861, 39.37007874015748854 ) ;
#2394 = CARTESIAN_POINT ( 'NONE',  ( 0.2007874015748031815, -0.2598425196850393526, -0.5905511811023624880 ) ) ;
#2395 = ADVANCED_FACE ( 'NONE', ( #2295 ), #3051, .F. ) ;
#2396 = FACE_OUTER_BOUND ( 'NONE', #185, .T. ) ;
#2397 = STYLED_ITEM ( 'NONE', ( #1571 ), #1811 ) ;
#2398 = ORIENTED_EDGE ( 'NONE', *, *, #176, .F. ) ;
#2399 =( CONVERSION_BASED_UNIT ( 'INCH', #1202 ) LENGTH_UNIT ( ) NAMED_UNIT ( #1255 ) );
#2400 = VECTOR ( 'NONE', #1767, 39.37007874015748143 ) ;
#2401 = VECTOR ( 'NONE', #363, 39.37007874015748143 ) ;
#2402 = LENGTH_MEASURE_WITH_UNIT ( LENGTH_MEASURE( 0.02539999999999999897 ), #479 );
#2403 = VERTEX_POINT ( 'NONE', #732 ) ;
#2404 = MECHANICAL_DESIGN_GEOMETRIC_PRESENTATION_REPRESENTATION (  '', ( #626 ), #2949 ) ;
#2405 = VECTOR ( 'NONE', #1904, 39.37007874015748143 ) ;
#2406 = CARTESIAN_POINT ( 'NONE',  ( -0.06496062992125904711, -0.06889763779527560694, -0.5472440944881890035 ) ) ;
#2407 = CARTESIAN_POINT ( 'NONE',  ( 0.0000000000000000000, 0.0000000000000000000, -0.3267716535433071168 ) ) ;
#2408 = DIRECTION ( 'NONE',  ( -1.000000000000000000, 0.0000000000000000000, 0.0000000000000000000 ) ) ;
#2409 = AXIS2_PLACEMENT_3D ( 'NONE', #1458, #484, #738 ) ;
#2410 =( CONVERSION_BASED_UNIT ( 'INCH', #3120 ) LENGTH_UNIT ( ) NAMED_UNIT ( #2215 ) );
#2411 = ORIENTED_EDGE ( 'NONE', *, *, #1539, .T. ) ;
#2412 = CARTESIAN_POINT ( 'NONE',  ( 0.0000000000000000000, 0.0000000000000000000, -0.3267716535433071168 ) ) ;
#2413 = SURFACE_STYLE_FILL_AREA ( #685 ) ;
#2414 = EDGE_LOOP ( 'NONE', ( #1740, #699, #885, #285 ) ) ;
#2415 = EDGE_CURVE ( 'NONE', #2308, #2452, #2661, .T. ) ;
#2416 = EDGE_CURVE ( 'NONE', #3111, #2961, #2627, .T. ) ;
#2417 = CARTESIAN_POINT ( 'NONE',  ( -0.2047244094488188948, -0.2598425196850393526, -0.5511811023622046335 ) ) ;
#2418 = VERTEX_POINT ( 'NONE', #953 ) ;
#2419 = FACE_OUTER_BOUND ( 'NONE', #2054, .T. ) ;
#2420 = ORIENTED_EDGE ( 'NONE', *, *, #1191, .F. ) ;
#2421 = FACE_OUTER_BOUND ( 'NONE', #686, .T. ) ;
#2422 =( NAMED_UNIT ( * ) SI_UNIT ( $, .STERADIAN. ) SOLID_ANGLE_UNIT ( ) );
#2423 = ORIENTED_EDGE ( 'NONE', *, *, #2711, .F. ) ;
#2424 =( NAMED_UNIT ( * ) SI_UNIT ( $, .STERADIAN. ) SOLID_ANGLE_UNIT ( ) );
#2425 = UNCERTAINTY_MEASURE_WITH_UNIT (LENGTH_MEASURE( 1.000000000000000082E-05 ), #1324, 'distance_accuracy_value', 'NONE');
#2426 = PRESENTATION_LAYER_ASSIGNMENT (  '', '', ( #864 ) ) ;
#2427 = CARTESIAN_POINT ( 'NONE',  ( -0.2007874015748030982, -0.2440944881889763884, -0.5905511811023621549 ) ) ;
#2428 = ORIENTED_EDGE ( 'NONE', *, *, #1582, .T. ) ;
#2429 = EDGE_CURVE ( 'NONE', #1939, #2760, #1968, .T. ) ;
#2430 = COLOUR_RGB ( '',0.7529411764705882248, 0.7529411764705882248, 0.7529411764705882248 ) ;
#2431 = AXIS2_PLACEMENT_3D ( 'NONE', #408, #912, #2346 ) ;
#2432 = LENGTH_MEASURE_WITH_UNIT ( LENGTH_MEASURE( 0.02539999999999999897 ), #2478 );
#2433 =( NAMED_UNIT ( * ) SI_UNIT ( $, .STERADIAN. ) SOLID_ANGLE_UNIT ( ) );
#2434 = COLOUR_RGB ( '',0.5019607843137254832, 0.5019607843137254832, 0.5019607843137254832 ) ;
#2435 = ORIENTED_EDGE ( 'NONE', *, *, #490, .F. ) ;
#2436 = LENGTH_MEASURE_WITH_UNIT ( LENGTH_MEASURE( 0.02539999999999999897 ), #294 );
#2437 = PRESENTATION_LAYER_ASSIGNMENT (  '', '', ( #1269 ) ) ;
#2438 =( NAMED_UNIT ( * ) SI_UNIT ( $, .STERADIAN. ) SOLID_ANGLE_UNIT ( ) );
#2439 = PLANE ( 'NONE',  #882 ) ;
#2440 = ORIENTED_EDGE ( 'NONE', *, *, #1888, .F. ) ;
#2441 = DIRECTION ( 'NONE',  ( 1.314184451497603199E-16, 1.000000000000000000, 0.0000000000000000000 ) ) ;
#2442 = VECTOR ( 'NONE', #2474, 39.37007874015748143 ) ;
#2443 = PRESENTATION_STYLE_ASSIGNMENT (( #1982 ) ) ;
#2444 = CARTESIAN_POINT ( 'NONE',  ( -0.2007874015748030982, -0.2559055118110235560, -0.3425196850393700809 ) ) ;
#2445 = ORIENTED_EDGE ( 'NONE', *, *, #57, .F. ) ;
#2446 = STYLED_ITEM ( 'NONE', ( #1044 ), #1303 ) ;
#2447 = VECTOR ( 'NONE', #492, 39.37007874015748143 ) ;
#2448 = AXIS2_PLACEMENT_3D ( 'NONE', #391, #2062, #3018 ) ;
#2449 = FILL_AREA_STYLE ('',( #1709 ) ) ;
#2450 = VECTOR ( 'NONE', #922, 39.37007874015748143 ) ;
#2451 = ADVANCED_FACE ( 'NONE', ( #3097, #206 ), #1672, .T. ) ;
#2452 = VERTEX_POINT ( 'NONE', #1656 ) ;
#2453 =( NAMED_UNIT ( * ) SI_UNIT ( $, .STERADIAN. ) SOLID_ANGLE_UNIT ( ) );
#2454 = FACE_OUTER_BOUND ( 'NONE', #1925, .T. ) ;
#2455 = EDGE_CURVE ( 'NONE', #2089, #1568, #2884, .T. ) ;
#2456 = VECTOR ( 'NONE', #1304, 39.37007874015748143 ) ;
#2457 = SURFACE_SIDE_STYLE ('',( #1481 ) ) ;
#2458 = DIMENSIONAL_EXPONENTS ( 1.000000000000000000, 0.0000000000000000000, 0.0000000000000000000, 0.0000000000000000000, 0.0000000000000000000, 0.0000000000000000000, 0.0000000000000000000 ) ;
#2459 = VERTEX_POINT ( 'NONE', #2417 ) ;
#2460 = DIRECTION ( 'NONE',  ( 0.0000000000000000000, -1.000000000000000000, 0.0000000000000000000 ) ) ;
#2461 = UNCERTAINTY_MEASURE_WITH_UNIT (LENGTH_MEASURE( 1.000000000000000082E-05 ), #1526, 'distance_accuracy_value', 'NONE');
#2462 = FACE_OUTER_BOUND ( 'NONE', #1610, .T. ) ;
#2463 = EDGE_LOOP ( 'NONE', ( #1298, #2653, #2318, #390 ) ) ;
#2464 = PRESENTATION_STYLE_ASSIGNMENT (( #720 ) ) ;
#2465 = VERTEX_POINT ( 'NONE', #440 ) ;
#2466 = FACE_OUTER_BOUND ( 'NONE', #1892, .T. ) ;
#2467 = EDGE_CURVE ( 'NONE', #2308, #86, #117, .T. ) ;
#2468 = CARTESIAN_POINT ( 'NONE',  ( 0.2165354330708661457, 0.2165354330708662289, -0.3425196850393700809 ) ) ;
#2469 = PRODUCT ( 'CUI_DEVICES_RCJ-014-SMT', 'CUI_DEVICES_RCJ-014-SMT', '', ( #157 ) ) ;
#2470 = DIRECTION ( 'NONE',  ( 0.0000000000000000000, 0.0000000000000000000, 1.000000000000000000 ) ) ;
#2471 =( NAMED_UNIT ( * ) PLANE_ANGLE_UNIT ( ) SI_UNIT ( $, .RADIAN. ) );
#2472 = VERTEX_POINT ( 'NONE', #2195 ) ;
#2473 = PRESENTATION_STYLE_ASSIGNMENT (( #2208 ) ) ;
#2474 = DIRECTION ( 'NONE',  ( 0.0000000000000000000, 0.0000000000000000000, 1.000000000000000000 ) ) ;
#2475 = ORIENTED_EDGE ( 'NONE', *, *, #3017, .F. ) ;
#2476 = STYLED_ITEM ( 'NONE', ( #1509 ), #74 ) ;
#2477 = CARTESIAN_POINT ( 'NONE',  ( 0.0000000000000000000, 0.0000000000000000000, -0.3267716535433071168 ) ) ;
#2478 =( LENGTH_UNIT ( ) NAMED_UNIT ( * ) SI_UNIT ( $, .METRE. ) );
#2479 = SURFACE_SIDE_STYLE ('',( #1506 ) ) ;
#2480 = MECHANICAL_DESIGN_GEOMETRIC_PRESENTATION_REPRESENTATION (  '', ( #2178 ), #869 ) ;
#2481 = MECHANICAL_DESIGN_GEOMETRIC_PRESENTATION_REPRESENTATION (  '', ( #2180 ), #2935 ) ;
#2482 = ORIENTED_EDGE ( 'NONE', *, *, #974, .F. ) ;
#2483 = LINE ( 'NONE', #2906, #2904 ) ;
#2484 = FACE_OUTER_BOUND ( 'NONE', #22, .T. ) ;
#2485 = DIRECTION ( 'NONE',  ( 0.0000000000000000000, -1.000000000000000000, 0.0000000000000000000 ) ) ;
#2486 = ADVANCED_FACE ( 'NONE', ( #2914 ), #7, .F. ) ;
#2487 = CARTESIAN_POINT ( 'NONE',  ( 0.2559055118110236671, 0.2165354330708662289, -0.5905511811023624880 ) ) ;
#2488 = ORIENTED_EDGE ( 'NONE', *, *, #671, .T. ) ;
#2489 = PRESENTATION_LAYER_ASSIGNMENT (  '', '', ( #2729 ) ) ;
#2490 = UNCERTAINTY_MEASURE_WITH_UNIT (LENGTH_MEASURE( 1.000000000000000082E-05 ), #1317, 'distance_accuracy_value', 'NONE');
#2491 = EDGE_CURVE ( 'NONE', #1895, #293, #431, .T. ) ;
#2492 = LENGTH_MEASURE_WITH_UNIT ( LENGTH_MEASURE( 0.02539999999999999897 ), #1029 );
#2493 = PRESENTATION_STYLE_ASSIGNMENT (( #72 ) ) ;
#2494 = ORIENTED_EDGE ( 'NONE', *, *, #2237, .F. ) ;
#2495 = STYLED_ITEM ( 'NONE', ( #100 ), #1828 ) ;
#2496 = CARTESIAN_POINT ( 'NONE',  ( -0.1328740157480316209, 1.627237380756819219E-17, -0.3818897637795276023 ) ) ;
#2497 = LINE ( 'NONE', #1088, #46 ) ;
#2498 = AXIS2_PLACEMENT_3D ( 'NONE', #2796, #632, #2862 ) ;
#2499 = CIRCLE ( 'NONE', #2355, 0.07283464566929134798 ) ;
#2500 = DIMENSIONAL_EXPONENTS ( 1.000000000000000000, 0.0000000000000000000, 0.0000000000000000000, 0.0000000000000000000, 0.0000000000000000000, 0.0000000000000000000, 0.0000000000000000000 ) ;
#2501 = COLOUR_RGB ( '',0.7529411764705882248, 0.7529411764705882248, 0.7529411764705882248 ) ;
#2502 = VERTEX_POINT ( 'NONE', #2240 ) ;
#2503 = LINE ( 'NONE', #1296, #2981 ) ;
#2504 = AXIS2_PLACEMENT_3D ( 'NONE', #1217, #969, #2900 ) ;
#2505 = COLOUR_RGB ( '',0.7529411764705882248, 0.7529411764705882248, 0.7529411764705882248 ) ;
#2506 = FILL_AREA_STYLE_COLOUR ( '', #2505 ) ;
#2507 = VERTEX_POINT ( 'NONE', #2444 ) ;
#2508 = LENGTH_MEASURE_WITH_UNIT ( LENGTH_MEASURE( 0.02539999999999999897 ), #303 );
#2509 = SURFACE_SIDE_STYLE ('',( #651 ) ) ;
#2510 = COLOUR_RGB ( '',0.7529411764705882248, 0.7529411764705882248, 0.7529411764705882248 ) ;
#2511 = ORIENTED_EDGE ( 'NONE', *, *, #94, .F. ) ;
#2512 = ADVANCED_FACE ( 'NONE', ( #1542 ), #1030, .F. ) ;
#2513 =( NAMED_UNIT ( * ) SI_UNIT ( $, .STERADIAN. ) SOLID_ANGLE_UNIT ( ) );
#2514 = FACE_OUTER_BOUND ( 'NONE', #2800, .T. ) ;
#2515 = SURFACE_STYLE_FILL_AREA ( #331 ) ;
#2516 = DIRECTION ( 'NONE',  ( 0.0000000000000000000, 0.0000000000000000000, -1.000000000000000000 ) ) ;
#2517 = DIMENSIONAL_EXPONENTS ( 1.000000000000000000, 0.0000000000000000000, 0.0000000000000000000, 0.0000000000000000000, 0.0000000000000000000, 0.0000000000000000000, 0.0000000000000000000 ) ;
#2518 = FACE_OUTER_BOUND ( 'NONE', #988, .T. ) ;
#2519 = ORIENTED_EDGE ( 'NONE', *, *, #2146, .F. ) ;
#2520 = UNCERTAINTY_MEASURE_WITH_UNIT (LENGTH_MEASURE( 1.000000000000000082E-05 ), #275, 'distance_accuracy_value', 'NONE');
#2521 = VERTEX_POINT ( 'NONE', #779 ) ;
#2522 = MANIFOLD_SOLID_BREP ( 'Cut-Extrude1', #2771 ) ;
#2523 = EDGE_CURVE ( 'NONE', #2723, #2403, #3061, .T. ) ;
#2524 = DIRECTION ( 'NONE',  ( 0.0000000000000000000, 0.0000000000000000000, -1.000000000000000000 ) ) ;
#2525 = DIRECTION ( 'NONE',  ( -1.807003620809174632E-16, 1.000000000000000000, 0.0000000000000000000 ) ) ;
#2526 = CARTESIAN_POINT ( 'NONE',  ( 0.2165354330708661457, -0.2559055118110235560, -0.3267716535433071168 ) ) ;
#2527 = ADVANCED_FACE ( 'NONE', ( #899 ), #2322, .F. ) ;
#2528 = CIRCLE ( 'NONE', #2331, 0.003937007874015749712 ) ;
#2529 = DIRECTION ( 'NONE',  ( -1.000000000000000000, 0.0000000000000000000, 0.0000000000000000000 ) ) ;
#2530 = CARTESIAN_POINT ( 'NONE',  ( 0.2165354330708661457, -0.2440944881889763884, -0.3425196850393700809 ) ) ;
#2531 = COLOUR_RGB ( '',0.7529411764705882248, 0.7529411764705882248, 0.7529411764705882248 ) ;
#2532 = FILL_AREA_STYLE ('',( #97 ) ) ;
#2533 = ORIENTED_EDGE ( 'NONE', *, *, #782, .F. ) ;
#2534 = DIRECTION ( 'NONE',  ( 0.0000000000000000000, 0.0000000000000000000, -1.000000000000000000 ) ) ;
#2535 = PRESENTATION_LAYER_ASSIGNMENT (  '', '', ( #1682 ) ) ;
#2536 =( NAMED_UNIT ( * ) SI_UNIT ( $, .STERADIAN. ) SOLID_ANGLE_UNIT ( ) );
#2537 =( CONVERSION_BASED_UNIT ( 'INCH', #862 ) LENGTH_UNIT ( ) NAMED_UNIT ( #2823 ) );
#2538 = EDGE_LOOP ( 'NONE', ( #1452, #1827 ) ) ;
#2539 = AXIS2_PLACEMENT_3D ( 'NONE', #583, #3043, #2335 ) ;
#2540 = LINE ( 'NONE', #2359, #101 ) ;
#2541 =( LENGTH_UNIT ( ) NAMED_UNIT ( * ) SI_UNIT ( $, .METRE. ) );
#2542 = FACE_OUTER_BOUND ( 'NONE', #8, .T. ) ;
#2543 = STYLED_ITEM ( 'NONE', ( #3038 ), #1414 ) ;
#2544 = VECTOR ( 'NONE', #1720, 39.37007874015748143 ) ;
#2545 =( NAMED_UNIT ( * ) SI_UNIT ( $, .STERADIAN. ) SOLID_ANGLE_UNIT ( ) );
#2546 = LINE ( 'NONE', #805, #304 ) ;
#2547 = SURFACE_SIDE_STYLE ('',( #3023 ) ) ;
#2548 = EDGE_CURVE ( 'NONE', #620, #1007, #1430, .T. ) ;
#2549 = EDGE_CURVE ( 'NONE', #1364, #342, #138, .T. ) ;
#2550 = VECTOR ( 'NONE', #2367, 39.37007874015748143 ) ;
#2551 = ORIENTED_EDGE ( 'NONE', *, *, #1011, .T. ) ;
#2552 = DIRECTION ( 'NONE',  ( -1.000000000000000000, -0.0000000000000000000, -0.0000000000000000000 ) ) ;
#2553 = AXIS2_PLACEMENT_3D ( 'NONE', #539, #1485, #2275 ) ;
#2554 = UNCERTAINTY_MEASURE_WITH_UNIT (LENGTH_MEASURE( 1.000000000000000082E-05 ), #2974, 'distance_accuracy_value', 'NONE');
#2555 = FILL_AREA_STYLE_COLOUR ( '', #1181 ) ;
#2556 = ORIENTED_EDGE ( 'NONE', *, *, #1101, .F. ) ;
#2557 = PRESENTATION_LAYER_ASSIGNMENT (  '', '', ( #273 ) ) ;
#2558 = SURFACE_STYLE_FILL_AREA ( #375 ) ;
#2559 = EDGE_LOOP ( 'NONE', ( #2716, #1781, #2905, #571, #1708, #895, #2175, #2825 ) ) ;
#2560 = FILL_AREA_STYLE_COLOUR ( '', #2836 ) ;
#2561 = DIRECTION ( 'NONE',  ( -0.0000000000000000000, -0.0000000000000000000, -1.000000000000000000 ) ) ;
#2562 = FILL_AREA_STYLE_COLOUR ( '', #152 ) ;
#2563 = DIRECTION ( 'NONE',  ( 0.0000000000000000000, 0.7071067811865462405, 0.7071067811865486830 ) ) ;
#2564 = LINE ( 'NONE', #2757, #51 ) ;
#2565 = DIRECTION ( 'NONE',  ( 0.0000000000000000000, 0.0000000000000000000, 1.000000000000000000 ) ) ;
#2566 = EDGE_CURVE ( 'NONE', #816, #794, #2750, .T. ) ;
#2567 = PRESENTATION_STYLE_ASSIGNMENT (( #581 ) ) ;
#2568 = EDGE_LOOP ( 'NONE', ( #681, #2778, #384, #960 ) ) ;
#2569 = CARTESIAN_POINT ( 'NONE',  ( 0.2165354330708661457, -0.2559055118110235560, -0.3425196850393700809 ) ) ;
#2570 = SURFACE_STYLE_FILL_AREA ( #2763 ) ;
#2571 = ORIENTED_EDGE ( 'NONE', *, *, #469, .T. ) ;
#2572 = DIRECTION ( 'NONE',  ( 0.0000000000000000000, 0.0000000000000000000, 1.000000000000000000 ) ) ;
#2573 = SURFACE_STYLE_FILL_AREA ( #1103 ) ;
#2574 = ORIENTED_EDGE ( 'NONE', *, *, #1886, .F. ) ;
#2575 = FILL_AREA_STYLE_COLOUR ( '', #764 ) ;
#2576 = FACE_OUTER_BOUND ( 'NONE', #505, .T. ) ;
#2577 =( LENGTH_UNIT ( ) NAMED_UNIT ( * ) SI_UNIT ( $, .METRE. ) );
#2578 =( GEOMETRIC_REPRESENTATION_CONTEXT ( 3 ) GLOBAL_UNCERTAINTY_ASSIGNED_CONTEXT ( ( #305 ) ) GLOBAL_UNIT_ASSIGNED_CONTEXT ( ( #2636, #3088, #1900 ) ) REPRESENTATION_CONTEXT ( 'NONE', 'WORKASPACE' ) );
#2579 = DIMENSIONAL_EXPONENTS ( 1.000000000000000000, 0.0000000000000000000, 0.0000000000000000000, 0.0000000000000000000, 0.0000000000000000000, 0.0000000000000000000, 0.0000000000000000000 ) ;
#2580 = CARTESIAN_POINT ( 'NONE',  ( -0.02559055118110156735, -0.1909448818897638289, -0.5511811023622047445 ) ) ;
#2581 = SURFACE_STYLE_USAGE ( .BOTH. , #904 ) ;
#2582 = PRESENTATION_STYLE_ASSIGNMENT (( #2819 ) ) ;
#2583 = FILL_AREA_STYLE ('',( #684 ) ) ;
#2584 = MECHANICAL_DESIGN_GEOMETRIC_PRESENTATION_REPRESENTATION (  '', ( #503 ), #1675 ) ;
#2585 = LENGTH_MEASURE_WITH_UNIT ( LENGTH_MEASURE( 0.02539999999999999897 ), #1879 );
#2586 = EDGE_LOOP ( 'NONE', ( #2423, #3131, #1273, #2373, #14, #832, #1972, #652 ) ) ;
#2587 = EDGE_CURVE ( 'NONE', #944, #1061, #618, .T. ) ;
#2588 = CYLINDRICAL_SURFACE ( 'NONE', #2594, 0.07283464566929134798 ) ;
#2589 = CARTESIAN_POINT ( 'NONE',  ( 0.0000000000000000000, 0.0000000000000000000, 0.0000000000000000000 ) ) ;
#2590 = ORIENTED_EDGE ( 'NONE', *, *, #1396, .T. ) ;
#2591 = VECTOR ( 'NONE', #2441, 39.37007874015748143 ) ;
#2592 = CARTESIAN_POINT ( 'NONE',  ( -0.2755905511811023167, -0.2598425196850393526, -0.5511811023622046335 ) ) ;
#2593 = EDGE_CURVE ( 'NONE', #2403, #2723, #1033, .T. ) ;
#2594 = AXIS2_PLACEMENT_3D ( 'NONE', #224, #1390, #2855 ) ;
#2595 = PRESENTATION_STYLE_ASSIGNMENT (( #1916 ) ) ;
#2596 = LINE ( 'NONE', #428, #1085 ) ;
#2597 = CIRCLE ( 'NONE', #1220, 0.003937007874015724558 ) ;
#2598 = VECTOR ( 'NONE', #2071, 39.37007874015748143 ) ;
#2599 = CARTESIAN_POINT ( 'NONE',  ( 0.2047244094488189503, -0.2559055118110235560, -0.5905511811023624880 ) ) ;
#2600 = SURFACE_STYLE_USAGE ( .BOTH. , #2142 ) ;
#2601 = LINE ( 'NONE', #1901, #567 ) ;
#2602 = VECTOR ( 'NONE', #1513, 39.37007874015748143 ) ;
#2603 = VECTOR ( 'NONE', #601, 39.37007874015748143 ) ;
#2604 = LENGTH_MEASURE_WITH_UNIT ( LENGTH_MEASURE( 0.02539999999999999897 ), #921 );
#2605 = ORIENTED_EDGE ( 'NONE', *, *, #1913, .T. ) ;
#2606 = VECTOR ( 'NONE', #2777, 39.37007874015748143 ) ;
#2607 = DIRECTION ( 'NONE',  ( -1.000000000000000000, 0.0000000000000000000, 0.0000000000000000000 ) ) ;
#2608 = ORIENTED_EDGE ( 'NONE', *, *, #1098, .F. ) ;
#2609 = EDGE_CURVE ( 'NONE', #1627, #322, #1694, .T. ) ;
#2610 = CARTESIAN_POINT ( 'NONE',  ( 0.02559055118109376456, -0.2598425196850393526, -0.5669291338582728157 ) ) ;
#2611 = SURFACE_STYLE_FILL_AREA ( #947 ) ;
#2612 = DIRECTION ( 'NONE',  ( -0.0000000000000000000, -0.0000000000000000000, -1.000000000000000000 ) ) ;
#2613 = PLANE ( 'NONE',  #1643 ) ;
#2614 = CARTESIAN_POINT ( 'NONE',  ( -0.06496062992125904711, -0.06496062992125985203, -0.5511811023622047445 ) ) ;
#2615 = VERTEX_POINT ( 'NONE', #1685 ) ;
#2616 = DIRECTION ( 'NONE',  ( -1.000000000000000000, 0.0000000000000000000, 0.0000000000000000000 ) ) ;
#2617 = ORIENTED_EDGE ( 'NONE', *, *, #159, .T. ) ;
#2618 = DIRECTION ( 'NONE',  ( -1.000000000000000000, -0.0000000000000000000, -0.0000000000000000000 ) ) ;
#2619 = DIMENSIONAL_EXPONENTS ( 1.000000000000000000, 0.0000000000000000000, 0.0000000000000000000, 0.0000000000000000000, 0.0000000000000000000, 0.0000000000000000000, 0.0000000000000000000 ) ;
#2620 = FACE_OUTER_BOUND ( 'NONE', #480, .T. ) ;
#2621 = CARTESIAN_POINT ( 'NONE',  ( 0.0000000000000000000, 0.0000000000000000000, -0.01574803149606299191 ) ) ;
#2622 = EDGE_CURVE ( 'NONE', #3095, #1939, #1213, .T. ) ;
#2623 = CARTESIAN_POINT ( 'NONE',  ( 0.0000000000000000000, 0.0000000000000000000, -0.3818897637795276023 ) ) ;
#2624 = LINE ( 'NONE', #2614, #1854 ) ;
#2625 = DIRECTION ( 'NONE',  ( 0.7071067811865465735, -0.7071067811865483499, 0.0000000000000000000 ) ) ;
#2626 = ORIENTED_EDGE ( 'NONE', *, *, #57, .T. ) ;
#2627 = LINE ( 'NONE', #1172, #1863 ) ;
#2628 = ORIENTED_EDGE ( 'NONE', *, *, #905, .F. ) ;
#2629 = PRESENTATION_LAYER_ASSIGNMENT (  '', '', ( #2288 ) ) ;
#2630 = PRESENTATION_LAYER_ASSIGNMENT (  '', '', ( #1731 ) ) ;
#2631 = DIRECTION ( 'NONE',  ( 1.000000000000000000, 0.0000000000000000000, 0.0000000000000000000 ) ) ;
#2632 =( CONVERSION_BASED_UNIT ( 'INCH', #2873 ) LENGTH_UNIT ( ) NAMED_UNIT ( #2517 ) );
#2633 = MECHANICAL_DESIGN_GEOMETRIC_PRESENTATION_REPRESENTATION (  '', ( #1269 ), #663 ) ;
#2634 = EDGE_CURVE ( 'NONE', #2741, #143, #908, .T. ) ;
#2635 =( NAMED_UNIT ( * ) SI_UNIT ( $, .STERADIAN. ) SOLID_ANGLE_UNIT ( ) );
#2636 =( CONVERSION_BASED_UNIT ( 'INCH', #661 ) LENGTH_UNIT ( ) NAMED_UNIT ( #1473 ) );
#2637 = EDGE_CURVE ( 'NONE', #752, #1126, #328, .T. ) ;
#2638 =( NAMED_UNIT ( * ) SI_UNIT ( $, .STERADIAN. ) SOLID_ANGLE_UNIT ( ) );
#2639 = PRESENTATION_LAYER_ASSIGNMENT (  '', '', ( #514 ) ) ;
#2640 = DIRECTION ( 'NONE',  ( 1.224646799147353207E-16, 1.000000000000000000, -0.0000000000000000000 ) ) ;
#2641 = VECTOR ( 'NONE', #230, 39.37007874015748143 ) ;
#2642 = EDGE_LOOP ( 'NONE', ( #2915, #1436 ) ) ;
#2643 = VECTOR ( 'NONE', #1919, 39.37007874015748143 ) ;
#2644 =( CONVERSION_BASED_UNIT ( 'INCH', #641 ) LENGTH_UNIT ( ) NAMED_UNIT ( #2937 ) );
#2645 = UNCERTAINTY_MEASURE_WITH_UNIT (LENGTH_MEASURE( 1.000000000000000082E-05 ), #2665, 'distance_accuracy_value', 'NONE');
#2646 = VECTOR ( 'NONE', #1852, 39.37007874015748143 ) ;
#2647 = ORIENTED_EDGE ( 'NONE', *, *, #1761, .T. ) ;
#2648 =( GEOMETRIC_REPRESENTATION_CONTEXT ( 3 ) GLOBAL_UNCERTAINTY_ASSIGNED_CONTEXT ( ( #2963 ) ) GLOBAL_UNIT_ASSIGNED_CONTEXT ( ( #977, #1945, #1208 ) ) REPRESENTATION_CONTEXT ( 'NONE', 'WORKASPACE' ) );
#2649 = AXIS2_PLACEMENT_3D ( 'NONE', #3030, #831, #2059 ) ;
#2650 = DIRECTION ( 'NONE',  ( 0.0000000000000000000, 1.000000000000000000, 0.0000000000000000000 ) ) ;
#2651 = VECTOR ( 'NONE', #1024, 39.37007874015748854 ) ;
#2652 = SURFACE_STYLE_USAGE ( .BOTH. , #1524 ) ;
#2653 = ORIENTED_EDGE ( 'NONE', *, *, #2657, .T. ) ;
#2654 =( LENGTH_UNIT ( ) NAMED_UNIT ( * ) SI_UNIT ( $, .METRE. ) );
#2655 = LINE ( 'NONE', #485, #2899 ) ;
#2656 = EDGE_CURVE ( 'NONE', #1757, #1862, #1402, .T. ) ;
#2657 = EDGE_CURVE ( 'NONE', #1711, #2391, #1933, .T. ) ;
#2658 = LINE ( 'NONE', #1460, #569 ) ;
#2659 = EDGE_LOOP ( 'NONE', ( #557, #775, #926, #2216 ) ) ;
#2660 = DIRECTION ( 'NONE',  ( -1.767249541151369703E-13, -1.000000000000000000, -0.0000000000000000000 ) ) ;
#2661 = LINE ( 'NONE', #2427, #2898 ) ;
#2662 = ORIENTED_EDGE ( 'NONE', *, *, #2389, .T. ) ;
#2663 = SURFACE_SIDE_STYLE ('',( #2226 ) ) ;
#2664 = ORIENTED_EDGE ( 'NONE', *, *, #402, .F. ) ;
#2665 =( CONVERSION_BASED_UNIT ( 'INCH', #295 ) LENGTH_UNIT ( ) NAMED_UNIT ( #290 ) );
#2666 = CARTESIAN_POINT ( 'NONE',  ( -0.1633858267716535584, 2.000899297819494236E-17, -0.3818897637795276023 ) ) ;
#2667 = DIMENSIONAL_EXPONENTS ( 1.000000000000000000, 0.0000000000000000000, 0.0000000000000000000, 0.0000000000000000000, 0.0000000000000000000, 0.0000000000000000000, 0.0000000000000000000 ) ;
#2668 = FACE_OUTER_BOUND ( 'NONE', #2659, .T. ) ;
#2669 = ORIENTED_EDGE ( 'NONE', *, *, #1394, .F. ) ;
#2670 = FILL_AREA_STYLE ('',( #2575 ) ) ;
#2671 = UNCERTAINTY_MEASURE_WITH_UNIT (LENGTH_MEASURE( 1.000000000000000082E-05 ), #1199, 'distance_accuracy_value', 'NONE');
#2672 = CARTESIAN_POINT ( 'NONE',  ( 0.2165354330708663677, -0.2559055118110235560, -0.5511811023622049666 ) ) ;
#2673 = CIRCLE ( 'NONE', #1671, 0.1328740157480316209 ) ;
#2674 = LENGTH_MEASURE_WITH_UNIT ( LENGTH_MEASURE( 0.02539999999999999897 ), #341 );
#2675 = VERTEX_POINT ( 'NONE', #2851 ) ;
#2676 = EDGE_CURVE ( 'NONE', #322, #2372, #2147, .T. ) ;
#2677 = CIRCLE ( 'NONE', #2880, 0.003937007874015758385 ) ;
#2678 =( GEOMETRIC_REPRESENTATION_CONTEXT ( 3 ) GLOBAL_UNCERTAINTY_ASSIGNED_CONTEXT ( ( #1540 ) ) GLOBAL_UNIT_ASSIGNED_CONTEXT ( ( #2094, #691, #1628 ) ) REPRESENTATION_CONTEXT ( 'NONE', 'WORKASPACE' ) );
#2679 = EDGE_CURVE ( 'NONE', #2418, #944, #698, .T. ) ;
#2680 = FILL_AREA_STYLE_COLOUR ( '', #662 ) ;
#2681 = EDGE_LOOP ( 'NONE', ( #493, #1882, #2428, #1934, #721, #2228, #990, #634 ) ) ;
#2682 =( NAMED_UNIT ( * ) SI_UNIT ( $, .STERADIAN. ) SOLID_ANGLE_UNIT ( ) );
#2683 = AXIS2_PLACEMENT_3D ( 'NONE', #2962, #1518, #2534 ) ;
#2684 =( NAMED_UNIT ( * ) SI_UNIT ( $, .STERADIAN. ) SOLID_ANGLE_UNIT ( ) );
#2685 =( NAMED_UNIT ( * ) PLANE_ANGLE_UNIT ( ) SI_UNIT ( $, .RADIAN. ) );
#2686 = FILL_AREA_STYLE ('',( #301 ) ) ;
#2687 = EDGE_LOOP ( 'NONE', ( #881, #716, #1482, #404 ) ) ;
#2688 =( NAMED_UNIT ( * ) PLANE_ANGLE_UNIT ( ) SI_UNIT ( $, .RADIAN. ) );
#2689 = SURFACE_STYLE_FILL_AREA ( #270 ) ;
#2690 = ORIENTED_EDGE ( 'NONE', *, *, #1703, .F. ) ;
#2691 = DIMENSIONAL_EXPONENTS ( 1.000000000000000000, 0.0000000000000000000, 0.0000000000000000000, 0.0000000000000000000, 0.0000000000000000000, 0.0000000000000000000, 0.0000000000000000000 ) ;
#2692 = CIRCLE ( 'NONE', #2738, 0.003937007874015724558 ) ;
#2693 = EDGE_CURVE ( 'NONE', #1763, #669, #1086, .T. ) ;
#2694 = ADVANCED_FACE ( 'NONE', ( #2396 ), #1435, .T. ) ;
#2695 = MECHANICAL_DESIGN_GEOMETRIC_PRESENTATION_REPRESENTATION (  '', ( #2799 ), #676 ) ;
#2696 = CARTESIAN_POINT ( 'NONE',  ( 0.01968503937007875029, -0.3031496062992125040, -0.3267716535433071168 ) ) ;
#2697 = PRESENTATION_LAYER_ASSIGNMENT (  '', '', ( #2543 ) ) ;
#2698 = CARTESIAN_POINT ( 'NONE',  ( 0.2755905511811023723, -0.2440944881889763884, -0.5511811023622048555 ) ) ;
#2699 = AXIS2_PLACEMENT_3D ( 'NONE', #1739, #2339, #1358 ) ;
#2700 = ORIENTED_EDGE ( 'NONE', *, *, #2833, .T. ) ;
#2701 =( GEOMETRIC_REPRESENTATION_CONTEXT ( 3 ) GLOBAL_UNCERTAINTY_ASSIGNED_CONTEXT ( ( #2803 ) ) GLOBAL_UNIT_ASSIGNED_CONTEXT ( ( #1077, #1589, #1875 ) ) REPRESENTATION_CONTEXT ( 'NONE', 'WORKASPACE' ) );
#2702 = SURFACE_STYLE_USAGE ( .BOTH. , #2250 ) ;
#2703 = DIRECTION ( 'NONE',  ( -1.000000000000000000, 1.314184451497603199E-16, 0.0000000000000000000 ) ) ;
#2704 = EDGE_LOOP ( 'NONE', ( #1984, #2911, #1953, #1798 ) ) ;
#2705 =( LENGTH_UNIT ( ) NAMED_UNIT ( * ) SI_UNIT ( $, .METRE. ) );
#2706 = UNCERTAINTY_MEASURE_WITH_UNIT (LENGTH_MEASURE( 1.000000000000000082E-05 ), #1300, 'distance_accuracy_value', 'NONE');
#2707 = FILL_AREA_STYLE ('',( #250 ) ) ;
#2708 = VERTEX_POINT ( 'NONE', #1768 ) ;
#2709 = CARTESIAN_POINT ( 'NONE',  ( 0.2165354330708661457, 0.2165354330708662289, -0.3425196850393700809 ) ) ;
#2710 = CARTESIAN_POINT ( 'NONE',  ( 0.1437007874015747977, 0.0000000000000000000, 0.0000000000000000000 ) ) ;
#2711 = EDGE_CURVE ( 'NONE', #293, #49, #1979, .T. ) ;
#2712 = DIRECTION ( 'NONE',  ( 0.0000000000000000000, 0.7071067811865487940, -0.7071067811865463515 ) ) ;
#2713 = SURFACE_SIDE_STYLE ('',( #994 ) ) ;
#2714 = ADVANCED_FACE ( 'NONE', ( #2668 ), #2975, .T. ) ;
#2715 = CARTESIAN_POINT ( 'NONE',  ( -0.07283464566929134798, 8.919671568592926781E-18, -0.3267716535433071168 ) ) ;
#2716 = ORIENTED_EDGE ( 'NONE', *, *, #602, .F. ) ;
#2717 = ORIENTED_EDGE ( 'NONE', *, *, #176, .T. ) ;
#2718 = MECHANICAL_DESIGN_GEOMETRIC_PRESENTATION_REPRESENTATION (  '', ( #864 ), #190 ) ;
#2719 =( CONVERSION_BASED_UNIT ( 'INCH', #835 ) LENGTH_UNIT ( ) NAMED_UNIT ( #997 ) );
#2720 = FILL_AREA_STYLE_COLOUR ( '', #2133 ) ;
#2721 = CIRCLE ( 'NONE', #1157, 0.003937007874015758385 ) ;
#2722 = PRESENTATION_LAYER_ASSIGNMENT (  '', '', ( #1729 ) ) ;
#2723 = VERTEX_POINT ( 'NONE', #2732 ) ;
#2724 = LINE ( 'NONE', #1563, #2227 ) ;
#2725 =( CONVERSION_BASED_UNIT ( 'INCH', #1748 ) LENGTH_UNIT ( ) NAMED_UNIT ( #531 ) );
#2726 = FILL_AREA_STYLE ('',( #1785 ) ) ;
#2727 = COLOUR_RGB ( '',0.7529411764705882248, 0.7529411764705882248, 0.7529411764705882248 ) ;
#2728 = CARTESIAN_POINT ( 'NONE',  ( -0.06496062992125904711, -0.06496062992125985203, -0.3267716535433071168 ) ) ;
#2729 = STYLED_ITEM ( 'NONE', ( #2881 ), #867 ) ;
#2730 = DIMENSIONAL_EXPONENTS ( 1.000000000000000000, 0.0000000000000000000, 0.0000000000000000000, 0.0000000000000000000, 0.0000000000000000000, 0.0000000000000000000, 0.0000000000000000000 ) ;
#2731 = EDGE_CURVE ( 'NONE', #2760, #2885, #284, .T. ) ;
#2732 = CARTESIAN_POINT ( 'NONE',  ( -0.06496062992125985203, 0.0000000000000000000, -0.09842519685039372024 ) ) ;
#2733 = ORIENTED_EDGE ( 'NONE', *, *, #2415, .T. ) ;
#2734 = CARTESIAN_POINT ( 'NONE',  ( 0.1328740157480315098, 0.0000000000000000000, -0.3267716535433071168 ) ) ;
#2735 = CARTESIAN_POINT ( 'NONE',  ( 0.2047244094488189503, -0.2598425196850393526, -0.5905511811023624880 ) ) ;
#2736 = ORIENTED_EDGE ( 'NONE', *, *, #1560, .F. ) ;
#2737 = AXIS2_PLACEMENT_3D ( 'NONE', #2161, #1903, #1950 ) ;
#2738 = AXIS2_PLACEMENT_3D ( 'NONE', #1261, #321, #66 ) ;
#2739 = FILL_AREA_STYLE ('',( #2720 ) ) ;
#2740 = PRESENTATION_LAYER_ASSIGNMENT (  '', '', ( #2199 ) ) ;
#2741 = VERTEX_POINT ( 'NONE', #2024 ) ;
#2742 = FACE_OUTER_BOUND ( 'NONE', #2687, .T. ) ;
#2743 = FILL_AREA_STYLE ('',( #1306 ) ) ;
#2744 = PRESENTATION_LAYER_ASSIGNMENT (  '', '', ( #526 ) ) ;
#2745 = LINE ( 'NONE', #336, #108 ) ;
#2746 = CYLINDRICAL_SURFACE ( 'NONE', #1137, 0.1328740157480316209 ) ;
#2747 = ORIENTED_EDGE ( 'NONE', *, *, #443, .T. ) ;
#2748 = LINE ( 'NONE', #3012, #2598 ) ;
#2749 =( GEOMETRIC_REPRESENTATION_CONTEXT ( 3 ) GLOBAL_UNCERTAINTY_ASSIGNED_CONTEXT ( ( #2173 ) ) GLOBAL_UNIT_ASSIGNED_CONTEXT ( ( #291, #800, #2278 ) ) REPRESENTATION_CONTEXT ( 'NONE', 'WORKASPACE' ) );
#2750 = LINE ( 'NONE', #2782, #1649 ) ;
#2751 = ORIENTED_EDGE ( 'NONE', *, *, #1163, .F. ) ;
#2752 = DIMENSIONAL_EXPONENTS ( 1.000000000000000000, 0.0000000000000000000, 0.0000000000000000000, 0.0000000000000000000, 0.0000000000000000000, 0.0000000000000000000, 0.0000000000000000000 ) ;
#2753 =( NAMED_UNIT ( * ) SI_UNIT ( $, .STERADIAN. ) SOLID_ANGLE_UNIT ( ) );
#2754 = LINE ( 'NONE', #541, #2015 ) ;
#2755 = ADVANCED_FACE ( 'NONE', ( #1533 ), #2254, .F. ) ;
#2756 = SURFACE_STYLE_FILL_AREA ( #1354 ) ;
#2757 = CARTESIAN_POINT ( 'NONE',  ( 0.2165354330708661457, 0.2165354330708662289, -0.3267716535433071168 ) ) ;
#2758 = DIRECTION ( 'NONE',  ( 1.000000000000000000, 0.0000000000000000000, 0.0000000000000000000 ) ) ;
#2759 = CARTESIAN_POINT ( 'NONE',  ( -0.01968503937007873988, -0.2559055118110235560, -0.3425196850393700809 ) ) ;
#2760 = VERTEX_POINT ( 'NONE', #2580 ) ;
#2761 = CARTESIAN_POINT ( 'NONE',  ( 0.01968503937007873988, -0.2559055118110235560, -0.3425196850393700809 ) ) ;
#2762 = UNCERTAINTY_MEASURE_WITH_UNIT (LENGTH_MEASURE( 1.000000000000000082E-05 ), #2922, 'distance_accuracy_value', 'NONE');
#2763 = FILL_AREA_STYLE ('',( #2291 ) ) ;
#2764 =( NAMED_UNIT ( * ) SI_UNIT ( $, .STERADIAN. ) SOLID_ANGLE_UNIT ( ) );
#2765 = VERTEX_POINT ( 'NONE', #1553 ) ;
#2766 = CARTESIAN_POINT ( 'NONE',  ( 0.1437007874015747977, 0.0000000000000000000, -0.01968503937007875723 ) ) ;
#2767 =( CONVERSION_BASED_UNIT ( 'INCH', #129 ) LENGTH_UNIT ( ) NAMED_UNIT ( #1634 ) );
#2768 = ADVANCED_FACE ( 'NONE', ( #2518 ), #2798, .T. ) ;
#2769 = DIRECTION ( 'NONE',  ( 1.000000000000000000, -1.314184451497603199E-16, 0.0000000000000000000 ) ) ;
#2770 = CARTESIAN_POINT ( 'NONE',  ( 0.0000000000000000000, 0.0000000000000000000, -0.01968503937007875723 ) ) ;
#2771 = CLOSED_SHELL ( 'NONE', ( #324, #1602, #3142, #630, #763, #1414 ) ) ;
#2772 = STYLED_ITEM ( 'NONE', ( #378 ), #254 ) ;
#2773 =( LENGTH_UNIT ( ) NAMED_UNIT ( * ) SI_UNIT ( $, .METRE. ) );
#2774 = LINE ( 'NONE', #607, #1156 ) ;
#2775 = FACE_OUTER_BOUND ( 'NONE', #1308, .T. ) ;
#2776 =( NAMED_UNIT ( * ) PLANE_ANGLE_UNIT ( ) SI_UNIT ( $, .RADIAN. ) );
#2777 = DIRECTION ( 'NONE',  ( 0.0000000000000000000, 0.0000000000000000000, 1.000000000000000000 ) ) ;
#2778 = ORIENTED_EDGE ( 'NONE', *, *, #2093, .F. ) ;
#2779 = LINE ( 'NONE', #2118, #2790 ) ;
#2780 = VECTOR ( 'NONE', #1957, 39.37007874015748143 ) ;
#2781 = LENGTH_MEASURE_WITH_UNIT ( LENGTH_MEASURE( 0.02539999999999999897 ), #2321 );
#2782 = CARTESIAN_POINT ( 'NONE',  ( -0.06496062992125904711, -0.06496062992125985203, -0.3267716535433071168 ) ) ;
#2783 = ORIENTED_EDGE ( 'NONE', *, *, #2163, .T. ) ;
#2784 = SURFACE_SIDE_STYLE ('',( #419 ) ) ;
#2785 = FILL_AREA_STYLE_COLOUR ( '', #2501 ) ;
#2786 = SHAPE_DEFINITION_REPRESENTATION ( #593, #672 ) ;
#2787 = CARTESIAN_POINT ( 'NONE',  ( -0.2165354330708661457, -0.2440944881889763884, -0.5511811023622046335 ) ) ;
#2788 =( NAMED_UNIT ( * ) SI_UNIT ( $, .STERADIAN. ) SOLID_ANGLE_UNIT ( ) );
#2789 = EDGE_CURVE ( 'NONE', #2105, #2308, #1618, .T. ) ;
#2790 = VECTOR ( 'NONE', #597, 39.37007874015748143 ) ;
#2791 = DIRECTION ( 'NONE',  ( 9.757819552369514663E-15, 0.0000000000000000000, 1.000000000000000000 ) ) ;
#2792 =( CONVERSION_BASED_UNIT ( 'INCH', #2047 ) LENGTH_UNIT ( ) NAMED_UNIT ( #798 ) );
#2793 = CARTESIAN_POINT ( 'NONE',  ( -0.02559055118110157775, -0.2480314960629921017, -0.5511811023622047445 ) ) ;
#2794 = EDGE_CURVE ( 'NONE', #951, #1007, #1834, .T. ) ;
#2795 = VECTOR ( 'NONE', #20, 39.37007874015748143 ) ;
#2796 = CARTESIAN_POINT ( 'NONE',  ( 0.2165354330708673392, 0.1181102362204724809, -0.5905511811023624880 ) ) ;
#2797 = DIMENSIONAL_EXPONENTS ( 1.000000000000000000, 0.0000000000000000000, 0.0000000000000000000, 0.0000000000000000000, 0.0000000000000000000, 0.0000000000000000000, 0.0000000000000000000 ) ;
#2798 = PLANE ( 'NONE',  #2806 ) ;
#2799 = STYLED_ITEM ( 'NONE', ( #141 ), #2395 ) ;
#2800 = EDGE_LOOP ( 'NONE', ( #2669, #151 ) ) ;
#2801 = CARTESIAN_POINT ( 'NONE',  ( -0.1328740157480315098, 1.627237380756817678E-17, -0.3267716535433071168 ) ) ;
#2802 = COLOUR_RGB ( '',0.7529411764705882248, 0.7529411764705882248, 0.7529411764705882248 ) ;
#2803 = UNCERTAINTY_MEASURE_WITH_UNIT (LENGTH_MEASURE( 1.000000000000000082E-05 ), #1077, 'distance_accuracy_value', 'NONE');
#2804 = CARTESIAN_POINT ( 'NONE',  ( 0.0000000000000000000, 0.0000000000000000000, -0.3267716535433071168 ) ) ;
#2805 = ORIENTED_EDGE ( 'NONE', *, *, #1032, .F. ) ;
#2806 = AXIS2_PLACEMENT_3D ( 'NONE', #150, #894, #844 ) ;
#2807 = PRESENTATION_LAYER_ASSIGNMENT (  '', '', ( #11 ) ) ;
#2808 = SURFACE_STYLE_USAGE ( .BOTH. , #2784 ) ;
#2809 = DIRECTION ( 'NONE',  ( 0.0000000000000000000, 1.000000000000000000, 0.0000000000000000000 ) ) ;
#2810 = EDGE_LOOP ( 'NONE', ( #3126, #1491, #139, #2292 ) ) ;
#2811 = DIRECTION ( 'NONE',  ( 0.0000000000000000000, 0.0000000000000000000, 1.000000000000000000 ) ) ;
#2812 = FACE_OUTER_BOUND ( 'NONE', #1340, .T. ) ;
#2813 = SURFACE_STYLE_USAGE ( .BOTH. , #888 ) ;
#2814 = FACE_OUTER_BOUND ( 'NONE', #1444, .T. ) ;
#2815 = LENGTH_MEASURE_WITH_UNIT ( LENGTH_MEASURE( 0.02539999999999999897 ), #1107 );
#2816 = DIRECTION ( 'NONE',  ( 1.000000000000000000, 0.0000000000000000000, 0.0000000000000000000 ) ) ;
#2817 = VERTEX_POINT ( 'NONE', #613 ) ;
#2818 = EDGE_CURVE ( 'NONE', #1621, #1055, #434, .T. ) ;
#2819 = SURFACE_STYLE_USAGE ( .BOTH. , #2289 ) ;
#2820 = CARTESIAN_POINT ( 'NONE',  ( 0.0000000000000000000, 0.0000000000000000000, -0.3267716535433071168 ) ) ;
#2821 = PRESENTATION_STYLE_ASSIGNMENT (( #556 ) ) ;
#2822 = ORIENTED_EDGE ( 'NONE', *, *, #1944, .T. ) ;
#2823 = DIMENSIONAL_EXPONENTS ( 1.000000000000000000, 0.0000000000000000000, 0.0000000000000000000, 0.0000000000000000000, 0.0000000000000000000, 0.0000000000000000000, 0.0000000000000000000 ) ;
#2824 = DIRECTION ( 'NONE',  ( 0.0000000000000000000, 0.0000000000000000000, -1.000000000000000000 ) ) ;
#2825 = ORIENTED_EDGE ( 'NONE', *, *, #2634, .T. ) ;
#2826 = CARTESIAN_POINT ( 'NONE',  ( 0.1328740157480316209, 0.0000000000000000000, 0.0000000000000000000 ) ) ;
#2827 = SURFACE_SIDE_STYLE ('',( #1884 ) ) ;
#2828 = DIRECTION ( 'NONE',  ( 1.000000000000000000, 0.0000000000000000000, 0.0000000000000000000 ) ) ;
#2829 = DIRECTION ( 'NONE',  ( 0.7071067811866713626, 0.7071067811864236718, 0.0000000000000000000 ) ) ;
#2830 = MECHANICAL_DESIGN_GEOMETRIC_PRESENTATION_REPRESENTATION (  '', ( #2772 ), #1456 ) ;
#2831 = FILL_AREA_STYLE_COLOUR ( '', #2160 ) ;
#2832 = PRESENTATION_STYLE_ASSIGNMENT (( #216 ) ) ;
#2833 = EDGE_CURVE ( 'NONE', #2879, #315, #1307, .T. ) ;
#2834 = SURFACE_SIDE_STYLE ('',( #1401 ) ) ;
#2835 = ORIENTED_EDGE ( 'NONE', *, *, #1496, .F. ) ;
#2836 = COLOUR_RGB ( '',0.7529411764705882248, 0.7529411764705882248, 0.7529411764705882248 ) ;
#2837 = DIRECTION ( 'NONE',  ( 1.000000000000000000, -1.314184451497603199E-16, 0.0000000000000000000 ) ) ;
#2838 = VERTEX_POINT ( 'NONE', #2037 ) ;
#2839 = PRESENTATION_STYLE_ASSIGNMENT (( #1408 ) ) ;
#2840 = DIMENSIONAL_EXPONENTS ( 1.000000000000000000, 0.0000000000000000000, 0.0000000000000000000, 0.0000000000000000000, 0.0000000000000000000, 0.0000000000000000000, 0.0000000000000000000 ) ;
#2841 =( GEOMETRIC_REPRESENTATION_CONTEXT ( 3 ) GLOBAL_UNCERTAINTY_ASSIGNED_CONTEXT ( ( #368 ) ) GLOBAL_UNIT_ASSIGNED_CONTEXT ( ( #1353, #1821, #1801 ) ) REPRESENTATION_CONTEXT ( 'NONE', 'WORKASPACE' ) );
#2842 = FILL_AREA_STYLE ('',( #693 ) ) ;
#2843 = CIRCLE ( 'NONE', #1471, 0.07283464566929134798 ) ;
#2844 =( NAMED_UNIT ( * ) PLANE_ANGLE_UNIT ( ) SI_UNIT ( $, .RADIAN. ) );
#2845 = CARTESIAN_POINT ( 'NONE',  ( 0.0000000000000000000, 0.0000000000000000000, -0.3818897637795276023 ) ) ;
#2846 = PRESENTATION_LAYER_ASSIGNMENT (  '', '', ( #2300 ) ) ;
#2847 = MECHANICAL_DESIGN_GEOMETRIC_PRESENTATION_REPRESENTATION (  '', ( #1745 ), #929 ) ;
#2848 = PRESENTATION_LAYER_ASSIGNMENT (  '', '', ( #1646 ) ) ;
#2849 = STYLED_ITEM ( 'NONE', ( #1374 ), #1602 ) ;
#2850 = CARTESIAN_POINT ( 'NONE',  ( 0.2047244094488189503, -0.2598425196850393526, -0.5905511811023624880 ) ) ;
#2851 = CARTESIAN_POINT ( 'NONE',  ( 0.02559055118109391722, -0.2519685039370078705, -0.5669291338582725936 ) ) ;
#2852 = ORIENTED_EDGE ( 'NONE', *, *, #1539, .F. ) ;
#2853 = EDGE_CURVE ( 'NONE', #1690, #3047, #2286, .T. ) ;
#2854 = AXIS2_PLACEMENT_3D ( 'NONE', #2878, #235, #711 ) ;
#2855 = DIRECTION ( 'NONE',  ( 1.000000000000000000, 0.0000000000000000000, 0.0000000000000000000 ) ) ;
#2856 = SURFACE_STYLE_USAGE ( .BOTH. , #1910 ) ;
#2857 = ORIENTED_EDGE ( 'NONE', *, *, #2679, .T. ) ;
#2858 = AXIS2_PLACEMENT_3D ( 'NONE', #1726, #1445, #1973 ) ;
#2859 = CYLINDRICAL_SURFACE ( 'NONE', #2092, 0.003937007874015724558 ) ;
#2860 = FILL_AREA_STYLE_COLOUR ( '', #2930 ) ;
#2861 = DIRECTION ( 'NONE',  ( 0.0000000000000000000, -0.7071067811865462405, -0.7071067811865486830 ) ) ;
#2862 = DIRECTION ( 'NONE',  ( 0.0000000000000000000, 0.7071067811865462405, 0.7071067811865486830 ) ) ;
#2863 = DIMENSIONAL_EXPONENTS ( 1.000000000000000000, 0.0000000000000000000, 0.0000000000000000000, 0.0000000000000000000, 0.0000000000000000000, 0.0000000000000000000, 0.0000000000000000000 ) ;
#2864 = ORIENTED_EDGE ( 'NONE', *, *, #401, .F. ) ;
#2865 = UNCERTAINTY_MEASURE_WITH_UNIT (LENGTH_MEASURE( 1.000000000000000082E-05 ), #2767, 'distance_accuracy_value', 'NONE');
#2866 = SURFACE_STYLE_USAGE ( .BOTH. , #2834 ) ;
#2867 =( LENGTH_UNIT ( ) NAMED_UNIT ( * ) SI_UNIT ( $, .METRE. ) );
#2868 = VERTEX_POINT ( 'NONE', #3060 ) ;
#2869 = DIRECTION ( 'NONE',  ( 1.000000000000000000, 0.0000000000000000000, 0.0000000000000000000 ) ) ;
#2870 = ORIENTED_EDGE ( 'NONE', *, *, #2389, .F. ) ;
#2871 = CARTESIAN_POINT ( 'NONE',  ( 0.06496062992125845037, -0.07677165354330711677, -0.5433070866141732624 ) ) ;
#2872 = ADVANCED_FACE ( 'NONE', ( #876 ), #2746, .F. ) ;
#2873 = LENGTH_MEASURE_WITH_UNIT ( LENGTH_MEASURE( 0.02539999999999999897 ), #228 );
#2874 = EDGE_CURVE ( 'NONE', #1835, #951, #1483, .T. ) ;
#2875 = DIRECTION ( 'NONE',  ( 0.0000000000000000000, 0.0000000000000000000, 1.000000000000000000 ) ) ;
#2876 =( LENGTH_UNIT ( ) NAMED_UNIT ( * ) SI_UNIT ( $, .METRE. ) );
#2877 = CARTESIAN_POINT ( 'NONE',  ( 0.0000000000000000000, 0.0000000000000000000, 0.0000000000000000000 ) ) ;
#2878 = CARTESIAN_POINT ( 'NONE',  ( 2.489965619225239913E-18, -0.2834645669291337988, -0.3267716535433071168 ) ) ;
#2879 = VERTEX_POINT ( 'NONE', #457 ) ;
#2880 = AXIS2_PLACEMENT_3D ( 'NONE', #2953, #1971, #2918 ) ;
#2881 = PRESENTATION_STYLE_ASSIGNMENT (( #1350 ) ) ;
#2882 = AXIS2_PLACEMENT_3D ( 'NONE', #209, #1174, #1883 ) ;
#2883 = DIRECTION ( 'NONE',  ( -1.000000000000000000, 0.0000000000000000000, 0.0000000000000000000 ) ) ;
#2884 = LINE ( 'NONE', #251, #725 ) ;
#2885 = VERTEX_POINT ( 'NONE', #470 ) ;
#2886 = STYLED_ITEM ( 'NONE', ( #1915 ), #690 ) ;
#2887 = AXIS2_PLACEMENT_3D ( 'NONE', #367, #1329, #896 ) ;
#2888 = SURFACE_SIDE_STYLE ('',( #255 ) ) ;
#2889 = CARTESIAN_POINT ( 'NONE',  ( -0.2559055118110235560, -0.2440944881889763884, -0.5905511811023621549 ) ) ;
#2890 = EDGE_LOOP ( 'NONE', ( #1232, #1345, #2184, #2070 ) ) ;
#2891 = SURFACE_STYLE_FILL_AREA ( #1138 ) ;
#2892 = VERTEX_POINT ( 'NONE', #679 ) ;
#2893 = FILL_AREA_STYLE_COLOUR ( '', #830 ) ;
#2894 = VECTOR ( 'NONE', #1666, 39.37007874015748143 ) ;
#2895 = DIRECTION ( 'NONE',  ( -3.252606517456532629E-15, 0.0000000000000000000, -1.000000000000000000 ) ) ;
#2896 = CARTESIAN_POINT ( 'NONE',  ( 0.1633858267716535584, 0.0000000000000000000, -0.3818897637795276023 ) ) ;
#2897 = ORIENTED_EDGE ( 'NONE', *, *, #1338, .T. ) ;
#2898 = VECTOR ( 'NONE', #943, 39.37007874015748143 ) ;
#2899 = VECTOR ( 'NONE', #919, 39.37007874015748143 ) ;
#2900 = DIRECTION ( 'NONE',  ( 0.0000000000000000000, 0.0000000000000000000, 1.000000000000000000 ) ) ;
#2901 = VERTEX_POINT ( 'NONE', #961 ) ;
#2902 = AXIS2_PLACEMENT_3D ( 'NONE', #214, #447, #232 ) ;
#2903 = FACE_OUTER_BOUND ( 'NONE', #1608, .T. ) ;
#2904 = VECTOR ( 'NONE', #534, 39.37007874015748143 ) ;
#2905 = ORIENTED_EDGE ( 'NONE', *, *, #1562, .T. ) ;
#2906 = CARTESIAN_POINT ( 'NONE',  ( 0.06496062992125985203, 7.955382750366665093E-18, -0.09842519685039372024 ) ) ;
#2907 = FACE_OUTER_BOUND ( 'NONE', #1686, .T. ) ;
#2908 = DIRECTION ( 'NONE',  ( -1.000000000000000000, 0.0000000000000000000, 0.0000000000000000000 ) ) ;
#2909 = LINE ( 'NONE', #1990, #1954 ) ;
#2910 = EDGE_CURVE ( 'NONE', #2765, #315, #1184, .T. ) ;
#2911 = ORIENTED_EDGE ( 'NONE', *, *, #1453, .F. ) ;
#2912 =( NAMED_UNIT ( * ) PLANE_ANGLE_UNIT ( ) SI_UNIT ( $, .RADIAN. ) );
#2913 = LINE ( 'NONE', #746, #2544 ) ;
#2914 = FACE_OUTER_BOUND ( 'NONE', #518, .T. ) ;
#2915 = ORIENTED_EDGE ( 'NONE', *, *, #1134, .F. ) ;
#2916 = DIMENSIONAL_EXPONENTS ( 1.000000000000000000, 0.0000000000000000000, 0.0000000000000000000, 0.0000000000000000000, 0.0000000000000000000, 0.0000000000000000000, 0.0000000000000000000 ) ;
#2917 = CARTESIAN_POINT ( 'NONE',  ( -0.2007874015748030982, 0.2165354330708662289, -0.5905511811023621549 ) ) ;
#2918 = DIRECTION ( 'NONE',  ( 1.000000000000000000, 0.0000000000000000000, 0.0000000000000000000 ) ) ;
#2919 = EDGE_LOOP ( 'NONE', ( #483, #351, #1673, #852, #1535, #416 ) ) ;
#2920 = CARTESIAN_POINT ( 'NONE',  ( -0.2559055118110235560, -0.2440944881889763884, -0.5511811023622046335 ) ) ;
#2921 = DIRECTION ( 'NONE',  ( 0.0000000000000000000, 0.0000000000000000000, -1.000000000000000000 ) ) ;
#2922 =( CONVERSION_BASED_UNIT ( 'INCH', #1976 ) LENGTH_UNIT ( ) NAMED_UNIT ( #2691 ) );
#2923 = FILL_AREA_STYLE_COLOUR ( '', #2247 ) ;
#2924 = DIRECTION ( 'NONE',  ( 1.314184451497603199E-16, 1.000000000000000000, 0.0000000000000000000 ) ) ;
#2925 = ORIENTED_EDGE ( 'NONE', *, *, #192, .T. ) ;
#2926 = EDGE_CURVE ( 'NONE', #2372, #752, #478, .T. ) ;
#2927 = EDGE_CURVE ( 'NONE', #1449, #1862, #2256, .T. ) ;
#2928 = UNCERTAINTY_MEASURE_WITH_UNIT (LENGTH_MEASURE( 1.000000000000000082E-05 ), #2032, 'distance_accuracy_value', 'NONE');
#2929 = LINE ( 'NONE', #2672, #771 ) ;
#2930 = COLOUR_RGB ( '',0.7529411764705882248, 0.7529411764705882248, 0.7529411764705882248 ) ;
#2931 = LENGTH_MEASURE_WITH_UNIT ( LENGTH_MEASURE( 0.02539999999999999897 ), #2211 );
#2932 = ORIENTED_EDGE ( 'NONE', *, *, #159, .F. ) ;
#2933 = STYLED_ITEM ( 'NONE', ( #2839 ), #435 ) ;
#2934 = LENGTH_MEASURE_WITH_UNIT ( LENGTH_MEASURE( 0.02539999999999999897 ), #2018 );
#2935 =( GEOMETRIC_REPRESENTATION_CONTEXT ( 3 ) GLOBAL_UNCERTAINTY_ASSIGNED_CONTEXT ( ( #2425 ) ) GLOBAL_UNIT_ASSIGNED_CONTEXT ( ( #1324, #1833, #2049 ) ) REPRESENTATION_CONTEXT ( 'NONE', 'WORKASPACE' ) );
#2936 = FACE_BOUND ( 'NONE', #3098, .T. ) ;
#2937 = DIMENSIONAL_EXPONENTS ( 1.000000000000000000, 0.0000000000000000000, 0.0000000000000000000, 0.0000000000000000000, 0.0000000000000000000, 0.0000000000000000000, 0.0000000000000000000 ) ;
#2938 = CYLINDRICAL_SURFACE ( 'NONE', #1409, 0.1633858267716535584 ) ;
#2939 = LINE ( 'NONE', #1495, #2051 ) ;
#2940 = SURFACE_SIDE_STYLE ('',( #1515 ) ) ;
#2941 = EDGE_LOOP ( 'NONE', ( #494, #2605, #2783, #1792, #2303, #756, #940 ) ) ;
#2942 = LINE ( 'NONE', #1299, #508 ) ;
#2943 = PRESENTATION_LAYER_ASSIGNMENT (  '', '', ( #933 ) ) ;
#2944 = VECTOR ( 'NONE', #1772, 39.37007874015748143 ) ;
#2945 = DIRECTION ( 'NONE',  ( 1.000000000000000000, 0.0000000000000000000, 0.0000000000000000000 ) ) ;
#2946 = ORIENTED_EDGE ( 'NONE', *, *, #942, .F. ) ;
#2947 = EDGE_CURVE ( 'NONE', #2391, #1357, #1961, .T. ) ;
#2948 = PRESENTATION_LAYER_ASSIGNMENT (  '', '', ( #1176 ) ) ;
#2949 =( GEOMETRIC_REPRESENTATION_CONTEXT ( 3 ) GLOBAL_UNCERTAINTY_ASSIGNED_CONTEXT ( ( #2490 ) ) GLOBAL_UNIT_ASSIGNED_CONTEXT ( ( #1317, #854, #2078 ) ) REPRESENTATION_CONTEXT ( 'NONE', 'WORKASPACE' ) );
#2950 = FACE_OUTER_BOUND ( 'NONE', #2463, .T. ) ;
#2951 = EDGE_CURVE ( 'NONE', #1403, #452, #1652, .T. ) ;
#2952 = DIRECTION ( 'NONE',  ( 0.0000000000000000000, 0.0000000000000000000, -1.000000000000000000 ) ) ;
#2953 = CARTESIAN_POINT ( 'NONE',  ( -0.2047244094488188948, -0.2559055118110235560, -0.5511811023622046335 ) ) ;
#2954 = ORIENTED_EDGE ( 'NONE', *, *, #1703, .T. ) ;
#2955 = AXIS2_PLACEMENT_3D ( 'NONE', #550, #810, #499 ) ;
#2956 = CARTESIAN_POINT ( 'NONE',  ( 0.02559055118109398660, -0.1909448818897638289, -0.5511811023622047445 ) ) ;
#2957 = LINE ( 'NONE', #1478, #1803 ) ;
#2958 = CIRCLE ( 'NONE', #2858, 0.1328740157480316209 ) ;
#2959 =( NAMED_UNIT ( * ) SI_UNIT ( $, .STERADIAN. ) SOLID_ANGLE_UNIT ( ) );
#2960 = PRESENTATION_STYLE_ASSIGNMENT (( #67 ) ) ;
#2961 = VERTEX_POINT ( 'NONE', #660 ) ;
#2962 = CARTESIAN_POINT ( 'NONE',  ( 0.2007874015748031815, -0.2559055118110235560, -0.5472440944881890035 ) ) ;
#2963 = UNCERTAINTY_MEASURE_WITH_UNIT (LENGTH_MEASURE( 1.000000000000000082E-05 ), #977, 'distance_accuracy_value', 'NONE');
#2964 = LINE ( 'NONE', #554, #323 ) ;
#2965 = PRESENTATION_STYLE_ASSIGNMENT (( #2856 ) ) ;
#2966 = VERTEX_POINT ( 'NONE', #1164 ) ;
#2967 = SURFACE_SIDE_STYLE ('',( #1053 ) ) ;
#2968 = EDGE_CURVE ( 'NONE', #102, #239, #2116, .T. ) ;
#2969 = ORIENTED_EDGE ( 'NONE', *, *, #1743, .F. ) ;
#2970 = SURFACE_STYLE_FILL_AREA ( #44 ) ;
#2971 = DIRECTION ( 'NONE',  ( 1.000000000000000000, 0.0000000000000000000, 0.0000000000000000000 ) ) ;
#2972 = DIRECTION ( 'NONE',  ( 0.0000000000000000000, 0.0000000000000000000, -1.000000000000000000 ) ) ;
#2973 = ADVANCED_FACE ( 'NONE', ( #1398 ), #2378, .F. ) ;
#2974 =( CONVERSION_BASED_UNIT ( 'INCH', #1552 ) LENGTH_UNIT ( ) NAMED_UNIT ( #2916 ) );
#2975 = CYLINDRICAL_SURFACE ( 'NONE', #3116, 0.02559055118109769891 ) ;
#2976 = ORIENTED_EDGE ( 'NONE', *, *, #1134, .T. ) ;
#2977 = DIRECTION ( 'NONE',  ( 0.0000000000000000000, 0.0000000000000000000, -1.000000000000000000 ) ) ;
#2978 = CARTESIAN_POINT ( 'NONE',  ( 0.07283464566929134798, 0.0000000000000000000, -0.3267716535433071168 ) ) ;
#2979 = ORIENTED_EDGE ( 'NONE', *, *, #2130, .F. ) ;
#2980 = DIMENSIONAL_EXPONENTS ( 1.000000000000000000, 0.0000000000000000000, 0.0000000000000000000, 0.0000000000000000000, 0.0000000000000000000, 0.0000000000000000000, 0.0000000000000000000 ) ;
#2981 = VECTOR ( 'NONE', #2563, 39.37007874015748854 ) ;
#2982 = PRESENTATION_STYLE_ASSIGNMENT (( #2652 ) ) ;
#2983 = SURFACE_STYLE_FILL_AREA ( #75 ) ;
#2984 = DIRECTION ( 'NONE',  ( -1.000000000000000000, 0.0000000000000000000, 0.0000000000000000000 ) ) ;
#2985 = LENGTH_MEASURE_WITH_UNIT ( LENGTH_MEASURE( 0.02539999999999999897 ), #1848 );
#2986 = COLOUR_RGB ( '',0.7529411764705882248, 0.7529411764705882248, 0.7529411764705882248 ) ;
#2987 = ORIENTED_EDGE ( 'NONE', *, *, #1168, .F. ) ;
#2988 =( NAMED_UNIT ( * ) PLANE_ANGLE_UNIT ( ) SI_UNIT ( $, .RADIAN. ) );
#2989 = CARTESIAN_POINT ( 'NONE',  ( -0.2007874015748030982, -0.2559055118110235560, -0.5511811023622046335 ) ) ;
#2990 = ADVANCED_FACE ( 'NONE', ( #242 ), #257, .T. ) ;
#2991 = LENGTH_MEASURE_WITH_UNIT ( LENGTH_MEASURE( 0.02539999999999999897 ), #1615 );
#2992 =( GEOMETRIC_REPRESENTATION_CONTEXT ( 3 ) GLOBAL_UNCERTAINTY_ASSIGNED_CONTEXT ( ( #2928 ) ) GLOBAL_UNIT_ASSIGNED_CONTEXT ( ( #2032, #2988, #2545 ) ) REPRESENTATION_CONTEXT ( 'NONE', 'WORKASPACE' ) );
#2993 = PRESENTATION_STYLE_ASSIGNMENT (( #594 ) ) ;
#2994 = VECTOR ( 'NONE', #2769, 39.37007874015748143 ) ;
#2995 = CARTESIAN_POINT ( 'NONE',  ( 0.1328740157480315098, 0.0000000000000000000, -0.3267716535433071168 ) ) ;
#2996 = ORIENTED_EDGE ( 'NONE', *, *, #2853, .T. ) ;
#2997 = UNCERTAINTY_MEASURE_WITH_UNIT (LENGTH_MEASURE( 1.000000000000000082E-05 ), #1052, 'distance_accuracy_value', 'NONE');
#2998 = AXIS2_PLACEMENT_3D ( 'NONE', #205, #2152, #2883 ) ;
#2999 = ORIENTED_EDGE ( 'NONE', *, *, #1396, .F. ) ;
#3000 = SURFACE_STYLE_FILL_AREA ( #310 ) ;
#3001 = DIRECTION ( 'NONE',  ( 0.0000000000000000000, 0.0000000000000000000, 1.000000000000000000 ) ) ;
#3002 = VECTOR ( 'NONE', #3009, 39.37007874015748143 ) ;
#3003 =( NAMED_UNIT ( * ) PLANE_ANGLE_UNIT ( ) SI_UNIT ( $, .RADIAN. ) );
#3004 = DIMENSIONAL_EXPONENTS ( 1.000000000000000000, 0.0000000000000000000, 0.0000000000000000000, 0.0000000000000000000, 0.0000000000000000000, 0.0000000000000000000, 0.0000000000000000000 ) ;
#3005 = AXIS2_PLACEMENT_3D ( 'NONE', #1577, #2837, #2809 ) ;
#3006 = DIRECTION ( 'NONE',  ( 0.0000000000000000000, -1.000000000000000000, 0.0000000000000000000 ) ) ;
#3007 = VECTOR ( 'NONE', #851, 39.37007874015748143 ) ;
#3008 = STYLED_ITEM ( 'NONE', ( #21 ), #2714 ) ;
#3009 = DIRECTION ( 'NONE',  ( 9.035018104045879322E-17, -1.000000000000000000, 0.0000000000000000000 ) ) ;
#3010 =( LENGTH_UNIT ( ) NAMED_UNIT ( * ) SI_UNIT ( $, .METRE. ) );
#3011 = ORIENTED_EDGE ( 'NONE', *, *, #2818, .T. ) ;
#3012 = CARTESIAN_POINT ( 'NONE',  ( -0.07283464566929134798, 8.919671568592926781E-18, -0.3267716535433071168 ) ) ;
#3013 = VECTOR ( 'NONE', #753, 39.37007874015748143 ) ;
#3014 = EDGE_CURVE ( 'NONE', #1906, #3062, #2958, .T. ) ;
#3015 = DIRECTION ( 'NONE',  ( 1.000000000000000000, 0.0000000000000000000, 0.0000000000000000000 ) ) ;
#3016 = VERTEX_POINT ( 'NONE', #279 ) ;
#3017 = EDGE_CURVE ( 'NONE', #2403, #2521, #2483, .T. ) ;
#3018 = DIRECTION ( 'NONE',  ( 1.000000000000000000, 0.0000000000000000000, 0.0000000000000000000 ) ) ;
#3019 = DIRECTION ( 'NONE',  ( 0.0000000000000000000, 0.0000000000000000000, -1.000000000000000000 ) ) ;
#3020 = FILL_AREA_STYLE_COLOUR ( '', #1334 ) ;
#3021 = CARTESIAN_POINT ( 'NONE',  ( -0.06496062992125904711, -0.07283464566929134798, -0.3267716535433071168 ) ) ;
#3022 = DIRECTION ( 'NONE',  ( 0.0000000000000000000, 1.000000000000000000, 0.0000000000000000000 ) ) ;
#3023 = SURFACE_STYLE_FILL_AREA ( #133 ) ;
#3024 = DIRECTION ( 'NONE',  ( 1.000000000000000000, 0.0000000000000000000, 0.0000000000000000000 ) ) ;
#3025 = DIRECTION ( 'NONE',  ( -1.000000000000000000, 0.0000000000000000000, 0.0000000000000000000 ) ) ;
#3026 = SURFACE_STYLE_FILL_AREA ( #2301 ) ;
#3027 = ORIENTED_EDGE ( 'NONE', *, *, #3054, .T. ) ;
#3028 = UNCERTAINTY_MEASURE_WITH_UNIT (LENGTH_MEASURE( 1.000000000000000082E-05 ), #822, 'distance_accuracy_value', 'NONE');
#3029 =( NAMED_UNIT ( * ) PLANE_ANGLE_UNIT ( ) SI_UNIT ( $, .RADIAN. ) );
#3030 = CARTESIAN_POINT ( 'NONE',  ( 0.0000000000000000000, 0.0000000000000000000, -0.01574803149606299191 ) ) ;
#3031 = ORIENTED_EDGE ( 'NONE', *, *, #1538, .T. ) ;
#3032 = EDGE_CURVE ( 'NONE', #2675, #1895, #1492, .T. ) ;
#3033 = DIRECTION ( 'NONE',  ( 0.0000000000000000000, 0.0000000000000000000, 1.000000000000000000 ) ) ;
#3034 = CARTESIAN_POINT ( 'NONE',  ( 0.0000000000000000000, 0.0000000000000000000, -0.3267716535433071168 ) ) ;
#3035 = SURFACE_STYLE_USAGE ( .BOTH. , #2967 ) ;
#3036 = AXIS2_PLACEMENT_3D ( 'NONE', #448, #1197, #2171 ) ;
#3037 = FILL_AREA_STYLE ('',( #362 ) ) ;
#3038 = PRESENTATION_STYLE_ASSIGNMENT (( #1106 ) ) ;
#3039 = PRESENTATION_LAYER_ASSIGNMENT (  '', '', ( #1256 ) ) ;
#3040 = DIRECTION ( 'NONE',  ( 0.0000000000000000000, 1.000000000000000000, 0.0000000000000000000 ) ) ;
#3041 = ORIENTED_EDGE ( 'NONE', *, *, #973, .T. ) ;
#3042 = AXIS2_PLACEMENT_3D ( 'NONE', #134, #2269, #2565 ) ;
#3043 = DIRECTION ( 'NONE',  ( 0.0000000000000000000, 0.0000000000000000000, 1.000000000000000000 ) ) ;
#3044 = MECHANICAL_DESIGN_GEOMETRIC_PRESENTATION_REPRESENTATION (  '', ( #1268 ), #1519 ) ;
#3045 = FILL_AREA_STYLE_COLOUR ( '', #2148 ) ;
#3046 = DIRECTION ( 'NONE',  ( 0.0000000000000000000, 1.000000000000000000, 0.0000000000000000000 ) ) ;
#3047 = VERTEX_POINT ( 'NONE', #1042 ) ;
#3048 = VECTOR ( 'NONE', #1753, 39.37007874015748143 ) ;
#3049 =( LENGTH_UNIT ( ) NAMED_UNIT ( * ) SI_UNIT ( $, .METRE. ) );
#3050 = ADVANCED_FACE ( 'NONE', ( #2466 ), #1487, .F. ) ;
#3051 = CYLINDRICAL_SURFACE ( 'NONE', #1427, 0.06496062992125985203 ) ;
#3052 = ORIENTED_EDGE ( 'NONE', *, *, #2951, .T. ) ;
#3053 = VECTOR ( 'NONE', #3092, 39.37007874015748143 ) ;
#3054 = EDGE_CURVE ( 'NONE', #1061, #2838, #41, .T. ) ;
#3055 = STYLED_ITEM ( 'NONE', ( #2332 ), #2113 ) ;
#3056 = SURFACE_SIDE_STYLE ('',( #147 ) ) ;
#3057 = SURFACE_STYLE_FILL_AREA ( #2726 ) ;
#3058 =( GEOMETRIC_REPRESENTATION_CONTEXT ( 3 ) GLOBAL_UNCERTAINTY_ASSIGNED_CONTEXT ( ( #1438 ) ) GLOBAL_UNIT_ASSIGNED_CONTEXT ( ( #2153, #747, #3117 ) ) REPRESENTATION_CONTEXT ( 'NONE', 'WORKASPACE' ) );
#3059 = VECTOR ( 'NONE', #2921, 39.37007874015748143 ) ;
#3060 = CARTESIAN_POINT ( 'NONE',  ( -0.02559055118110157775, -0.2519685039370078705, -0.5551181102362204856 ) ) ;
#3061 = CIRCLE ( 'NONE', #2699, 0.06496062992125985203 ) ;
#3062 = VERTEX_POINT ( 'NONE', #2496 ) ;
#3063 = CARTESIAN_POINT ( 'NONE',  ( 0.02559055118109395538, -0.2598425196850393526, -0.5472440944881890035 ) ) ;
#3064 =( GEOMETRIC_REPRESENTATION_CONTEXT ( 3 ) GLOBAL_UNCERTAINTY_ASSIGNED_CONTEXT ( ( #1282 ) ) GLOBAL_UNIT_ASSIGNED_CONTEXT ( ( #1266, #524, #1983 ) ) REPRESENTATION_CONTEXT ( 'NONE', 'WORKASPACE' ) );
#3065 = UNCERTAINTY_MEASURE_WITH_UNIT (LENGTH_MEASURE( 1.000000000000000082E-05 ), #1332, 'distance_accuracy_value', 'NONE');
#3066 = EDGE_LOOP ( 'NONE', ( #1645, #1807, #1128, #1142, #1237, #2004 ) ) ;
#3067 = FILL_AREA_STYLE_COLOUR ( '', #1479 ) ;
#3068 = ORIENTED_EDGE ( 'NONE', *, *, #2467, .F. ) ;
#3069 = LINE ( 'NONE', #2592, #1942 ) ;
#3070 =( LENGTH_UNIT ( ) NAMED_UNIT ( * ) SI_UNIT ( $, .METRE. ) );
#3071 = EDGE_CURVE ( 'NONE', #1126, #353, #1706, .T. ) ;
#3072 = ADVANCED_FACE ( 'NONE', ( #2950 ), #1547, .T. ) ;
#3073 = CARTESIAN_POINT ( 'NONE',  ( -0.07283464566929134798, 0.0000000000000000000, -0.09842519685039372024 ) ) ;
#3074 =( CONVERSION_BASED_UNIT ( 'INCH', #181 ) LENGTH_UNIT ( ) NAMED_UNIT ( #1397 ) );
#3075 = DIRECTION ( 'NONE',  ( 1.000000000000000000, 0.0000000000000000000, 0.0000000000000000000 ) ) ;
#3076 =( NAMED_UNIT ( * ) SI_UNIT ( $, .STERADIAN. ) SOLID_ANGLE_UNIT ( ) );
#3077 = ORIENTED_EDGE ( 'NONE', *, *, #920, .T. ) ;
#3078 = FILL_AREA_STYLE ('',( #2785 ) ) ;
#3079 = ORIENTED_EDGE ( 'NONE', *, *, #568, .F. ) ;
#3080 = APPLICATION_CONTEXT ( 'automotive_design' ) ;
#3081 =( NAMED_UNIT ( * ) SI_UNIT ( $, .STERADIAN. ) SOLID_ANGLE_UNIT ( ) );
#3082 = PRESENTATION_STYLE_ASSIGNMENT (( #1411 ) ) ;
#3083 = DIRECTION ( 'NONE',  ( 1.000000000000000000, 0.0000000000000000000, 0.0000000000000000000 ) ) ;
#3084 = AXIS2_PLACEMENT_3D ( 'NONE', #210, #2139, #2374 ) ;
#3085 = EDGE_CURVE ( 'NONE', #669, #1267, #329, .T. ) ;
#3086 = SURFACE_STYLE_FILL_AREA ( #2128 ) ;
#3087 = CARTESIAN_POINT ( 'NONE',  ( 0.0000000000000000000, 0.0000000000000000000, -0.01574803149606296415 ) ) ;
#3088 =( NAMED_UNIT ( * ) PLANE_ANGLE_UNIT ( ) SI_UNIT ( $, .RADIAN. ) );
#3089 = CARTESIAN_POINT ( 'NONE',  ( 0.02559055118109401089, -0.2559055118110235560, -0.5433070866141732624 ) ) ;
#3090 = CARTESIAN_POINT ( 'NONE',  ( 0.2007874015748031815, -0.2559055118110235560, -0.5905511811023624880 ) ) ;
#3091 = MECHANICAL_DESIGN_GEOMETRIC_PRESENTATION_REPRESENTATION (  '', ( #2337 ), #959 ) ;
#3092 = DIRECTION ( 'NONE',  ( 0.0000000000000000000, -1.000000000000000000, 0.0000000000000000000 ) ) ;
#3093 = CIRCLE ( 'NONE', #149, 0.1633858267716535584 ) ;
#3094 = PRESENTATION_STYLE_ASSIGNMENT (( #1152 ) ) ;
#3095 = VERTEX_POINT ( 'NONE', #1742 ) ;
#3096 = PRESENTATION_LAYER_ASSIGNMENT (  '', '', ( #2233 ) ) ;
#3097 = FACE_OUTER_BOUND ( 'NONE', #826, .T. ) ;
#3098 = EDGE_LOOP ( 'NONE', ( #1026, #1657 ) ) ;
#3099 = VECTOR ( 'NONE', #878, 39.37007874015748143 ) ;
#3100 = CARTESIAN_POINT ( 'NONE',  ( 0.2007874015748031815, -0.2559055118110235560, -0.3425196850393700809 ) ) ;
#3101 = AXIS2_PLACEMENT_3D ( 'NONE', #608, #93, #841 ) ;
#3102 = SURFACE_STYLE_FILL_AREA ( #2842 ) ;
#3103 = LINE ( 'NONE', #229, #619 ) ;
#3104 = AXIS2_PLACEMENT_3D ( 'NONE', #570, #1967, #759 ) ;
#3105 = DIRECTION ( 'NONE',  ( 0.0000000000000000000, 0.0000000000000000000, -1.000000000000000000 ) ) ;
#3106 =( NAMED_UNIT ( * ) PLANE_ANGLE_UNIT ( ) SI_UNIT ( $, .RADIAN. ) );
#3107 = CARTESIAN_POINT ( 'NONE',  ( 0.2559055118110236671, -0.2598425196850392971, -0.5708661417322836718 ) ) ;
#3108 = VECTOR ( 'NONE', #1702, 39.37007874015748143 ) ;
#3109 = AXIS2_PLACEMENT_3D ( 'NONE', #962, #1949, #2972 ) ;
#3110 = DIRECTION ( 'NONE',  ( 0.0000000000000000000, 1.000000000000000000, 0.0000000000000000000 ) ) ;
#3111 = VERTEX_POINT ( 'NONE', #1290 ) ;
#3112 = DIRECTION ( 'NONE',  ( -1.000000000000000000, 0.0000000000000000000, 0.0000000000000000000 ) ) ;
#3113 = EDGE_CURVE ( 'NONE', #2741, #2868, #2754, .T. ) ;
#3114 = AXIS2_PLACEMENT_3D ( 'NONE', #2804, #665, #201 ) ;
#3115 = EDGE_CURVE ( 'NONE', #978, #1195, #2225, .T. ) ;
#3116 = AXIS2_PLACEMENT_3D ( 'NONE', #2206, #2221, #1733 ) ;
#3117 =( NAMED_UNIT ( * ) SI_UNIT ( $, .STERADIAN. ) SOLID_ANGLE_UNIT ( ) );
#3118 = ORIENTED_EDGE ( 'NONE', *, *, #1054, .F. ) ;
#3119 = FILL_AREA_STYLE ('',( #1158 ) ) ;
#3120 = LENGTH_MEASURE_WITH_UNIT ( LENGTH_MEASURE( 0.02539999999999999897 ), #456 );
#3121 = DIRECTION ( 'NONE',  ( 1.000000000000000000, 0.0000000000000000000, 0.0000000000000000000 ) ) ;
#3122 = CARTESIAN_POINT ( 'NONE',  ( -0.01968503937007873641, -0.2834645669291337988, -0.3425196850393700809 ) ) ;
#3123 =( NAMED_UNIT ( * ) SI_UNIT ( $, .STERADIAN. ) SOLID_ANGLE_UNIT ( ) );
#3124 = ORIENTED_EDGE ( 'NONE', *, *, #1229, .F. ) ;
#3125 = SURFACE_STYLE_USAGE ( .BOTH. , #1669 ) ;
#3126 = ORIENTED_EDGE ( 'NONE', *, *, #2415, .F. ) ;
#3127 = PRODUCT_RELATED_PRODUCT_CATEGORY ( 'part', '', ( #2469 ) ) ;
#3128 = CARTESIAN_POINT ( 'NONE',  ( -0.2165354330708660902, 0.2165354330708662289, -0.4921259842519681849 ) ) ;
#3129 = SURFACE_STYLE_USAGE ( .BOTH. , #2888 ) ;
#3130 = DIRECTION ( 'NONE',  ( 0.0000000000000000000, 0.0000000000000000000, 1.000000000000000000 ) ) ;
#3131 = ORIENTED_EDGE ( 'NONE', *, *, #1361, .T. ) ;
#3132 = DIRECTION ( 'NONE',  ( 0.0000000000000000000, 0.0000000000000000000, 1.000000000000000000 ) ) ;
#3133 = AXIS2_PLACEMENT_3D ( 'NONE', #2623, #1412, #3075 ) ;
#3134 = DIRECTION ( 'NONE',  ( 1.000000000000000000, -1.314184451497603199E-16, -3.252606517456505019E-15 ) ) ;
#3135 = ORIENTED_EDGE ( 'NONE', *, *, #2874, .F. ) ;
#3136 = STYLED_ITEM ( 'NONE', ( #1320 ), #423 ) ;
#3137 = ORIENTED_EDGE ( 'NONE', *, *, #2609, .F. ) ;
#3138 = MECHANICAL_DESIGN_GEOMETRIC_PRESENTATION_REPRESENTATION (  '', ( #1731 ), #1579 ) ;
#3139 =( GEOMETRIC_REPRESENTATION_CONTEXT ( 3 ) GLOBAL_UNCERTAINTY_ASSIGNED_CONTEXT ( ( #1311 ) ) GLOBAL_UNIT_ASSIGNED_CONTEXT ( ( #2399, #1687, #2424 ) ) REPRESENTATION_CONTEXT ( 'NONE', 'WORKASPACE' ) );
#3140 = SURFACE_SIDE_STYLE ('',( #2181 ) ) ;
#3141 = DIRECTION ( 'NONE',  ( 0.0000000000000000000, 0.0000000000000000000, -1.000000000000000000 ) ) ;
#3142 = ADVANCED_FACE ( 'NONE', ( #2261 ), #89, .F. ) ;
#3143 =( GEOMETRIC_REPRESENTATION_CONTEXT ( 3 ) GLOBAL_UNCERTAINTY_ASSIGNED_CONTEXT ( ( #1097 ) ) GLOBAL_UNIT_ASSIGNED_CONTEXT ( ( #1689, #910, #439 ) ) REPRESENTATION_CONTEXT ( 'NONE', 'WORKASPACE' ) );
#3144 = ORIENTED_EDGE ( 'NONE', *, *, #1191, .T. ) ;
#3145 = LINE ( 'NONE', #937, #1373 ) ;
ENDSEC;
END-ISO-10303-21;
